WaypointID,Easting_UTM,Northing_UTM,Elevation_m,Latitude,Longitude,Action
1,500000.00,5400000.00,100.00,48.52843672,75.00000000,TAKEOFF
2,500030.00,5400000.00,103.75,48.52843672,75.00040710,WAYPOINT
3,500060.00,5400000.00,107.36,48.52843672,75.00081420,WAYPOINT
4,500090.00,5400000.00,110.72,48.52843672,75.00122131,WAYPOINT
5,500120.00,5400000.00,113.69,48.52843672,75.00162841,WAYPOINT
6,500150.00,5400000.00,116.18,48.52843672,75.00203551,WAYPOINT
7,500180.00,5400000.00,118.10,48.52843672,75.00244261,WAYPOINT
8,500210.00,5400000.00,119.37,48.52843672,75.00284971,WAYPOINT
9,500240.00,5400000.00,119.96,48.52843672,75.00325681,WAYPOINT
10,500270.00,5400000.00,119.84,48.52843672,75.00366392,WAYPOINT
11,500300.00,5400000.00,119.02,48.52843672,75.00407102,WAYPOINT
12,500330.00,5400000.00,117.53,48.52843672,75.00447812,WAYPOINT
13,500360.00,5400000.00,115.41,48.52843672,75.00488522,WAYPOINT
14,500390.00,5400000.00,112.75,48.52843672,75.00529232,WAYPOINT
15,500420.00,5400000.00,109.64,48.52843672,75.00569942,WAYPOINT
16,500450.00,5400000.00,106.18,48.52843672,75.00610653,WAYPOINT
17,500480.00,5400000.00,102.51,48.52843672,75.00651363,WAYPOINT
18,500510.00,5400000.00,98.74,48.52843672,75.00692073,WAYPOINT
19,500540.00,5400000.00,95.03,48.52843672,75.00732783,WAYPOINT
20,500570.00,5400000.00,91.48,48.52843672,75.00773493,WAYPOINT
21,500600.00,5400000.00,88.24,48.52843672,75.00814204,WAYPOINT
22,500630.00,5400000.00,85.42,48.52843672,75.00854914,WAYPOINT
23,500660.00,5400000.00,83.11,48.52843672,75.00895624,WAYPOINT
24,500690.00,5400000.00,81.40,48.52843672,75.00936334,WAYPOINT
25,500720.00,5400000.00,80.35,48.52843672,75.00977044,WAYPOINT
26,500750.00,5400000.00,80.00,48.52843672,75.01017754,WAYPOINT
27,500780.00,5400000.00,80.35,48.52843672,75.01058465,WAYPOINT
28,500810.00,5400000.00,81.40,48.52843672,75.01099175,WAYPOINT
29,500840.00,5400000.00,83.11,48.52843672,75.01139885,WAYPOINT
30,500870.00,5400000.00,85.42,48.52843672,75.01180595,WAYPOINT
31,500900.00,5400000.00,88.24,48.52843672,75.01221305,WAYPOINT
32,500930.00,5400000.00,91.48,48.52843672,75.01262015,WAYPOINT
33,500960.00,5400000.00,95.03,48.52843672,75.01302726,WAYPOINT
34,500990.00,5400000.00,98.74,48.52843672,75.01343436,WAYPOINT
35,500990.00,5400030.00,94.60,48.52870632,75.01343436,WAYPOINT
36,500960.00,5400030.00,91.22,48.52870632,75.01302726,WAYPOINT
37,500930.00,5400030.00,88.33,48.52870632,75.01262015,WAYPOINT
38,500900.00,5400030.00,85.99,48.52870632,75.01221305,WAYPOINT
39,500870.00,5400030.00,84.26,48.52870632,75.01180595,WAYPOINT
40,500840.00,5400030.00,83.15,48.52870632,75.01139885,WAYPOINT
41,500810.00,5400030.00,82.65,48.52870632,75.01099175,WAYPOINT
42,500780.00,5400030.00,82.72,48.52870632,75.01058465,WAYPOINT
43,500750.00,5400030.00,83.31,48.52870632,75.01017754,WAYPOINT
44,500720.00,5400030.00,84.37,48.52870632,75.00977044,WAYPOINT
45,500690.00,5400030.00,85.82,48.52870632,75.00936334,WAYPOINT
46,500660.00,5400030.00,87.59,48.52870632,75.00895624,WAYPOINT
47,500630.00,5400030.00,89.62,48.52870632,75.00854914,WAYPOINT
48,500600.00,5400030.00,91.84,48.52870632,75.00814204,WAYPOINT
49,500570.00,5400030.00,94.20,48.52870632,75.00773493,WAYPOINT
50,500540.00,5400030.00,96.65,48.52870632,75.00732783,WAYPOINT
51,500510.00,5400030.00,99.16,48.52870632,75.00692073,WAYPOINT
52,500480.00,5400030.00,101.68,48.52870632,75.00651363,WAYPOINT
53,500450.00,5400030.00,104.17,48.52870632,75.00610653,WAYPOINT
54,500420.00,5400030.00,106.60,48.52870632,75.00569942,WAYPOINT
55,500390.00,5400030.00,108.92,48.52870632,75.00529232,WAYPOINT
56,500360.00,5400030.00,111.08,48.52870632,75.00488522,WAYPOINT
57,500330.00,5400030.00,113.03,48.52870632,75.00447812,WAYPOINT
58,500300.00,5400030.00,114.70,48.52870632,75.00407102,WAYPOINT
59,500270.00,5400030.00,116.03,48.52870632,75.00366392,WAYPOINT
60,500240.00,5400030.00,116.94,48.52870632,75.00325681,WAYPOINT
61,500210.00,5400030.00,117.37,48.52870632,75.00284971,WAYPOINT
62,500180.00,5400030.00,117.25,48.52870632,75.00244261,WAYPOINT
63,500150.00,5400030.00,116.55,48.52870632,75.00203551,WAYPOINT
64,500120.00,5400030.00,115.23,48.52870632,75.00162841,WAYPOINT
65,500090.00,5400030.00,113.29,48.52870632,75.00122131,WAYPOINT
66,500060.00,5400030.00,110.77,48.52870632,75.00081420,WAYPOINT
67,500030.00,5400030.00,107.70,48.52870632,75.00040710,WAYPOINT
68,500000.00,5400030.00,104.18,48.52870632,75.00000000,WAYPOINT
69,500000.00,5400060.00,108.04,48.52897592,75.00000000,WAYPOINT
70,500030.00,5400060.00,111.20,48.52897592,75.00040710,WAYPOINT
71,500060.00,5400060.00,113.63,48.52897592,75.00081420,WAYPOINT
72,500090.00,5400060.00,115.28,48.52897592,75.00122131,WAYPOINT
73,500120.00,5400060.00,116.15,48.52897592,75.00162841,WAYPOINT
74,500150.00,5400060.00,116.30,48.52897592,75.00203551,WAYPOINT
75,500180.00,5400060.00,115.82,48.52897592,75.00244261,WAYPOINT
76,500210.00,5400060.00,114.82,48.52897592,75.00284971,WAYPOINT
77,500240.00,5400060.00,113.44,48.52897592,75.00325681,WAYPOINT
78,500270.00,5400060.00,111.80,48.52897592,75.00366392,WAYPOINT
79,500300.00,5400060.00,110.04,48.52897592,75.00407102,WAYPOINT
80,500330.00,5400060.00,108.26,48.52897592,75.00447812,WAYPOINT
81,500360.00,5400060.00,106.54,48.52897592,75.00488522,WAYPOINT
82,500390.00,5400060.00,104.94,48.52897592,75.00529232,WAYPOINT
83,500420.00,5400060.00,103.46,48.52897592,75.00569942,WAYPOINT
84,500450.00,5400060.00,102.10,48.52897592,75.00610653,WAYPOINT
85,500480.00,5400060.00,100.82,48.52897592,75.00651363,WAYPOINT
86,500510.00,5400060.00,99.59,48.52897592,75.00692073,WAYPOINT
87,500540.00,5400060.00,98.33,48.52897592,75.00732783,WAYPOINT
88,500570.00,5400060.00,97.01,48.52897592,75.00773493,WAYPOINT
89,500600.00,5400060.00,95.57,48.52897592,75.00814204,WAYPOINT
90,500630.00,5400060.00,94.01,48.52897592,75.00854914,WAYPOINT
91,500660.00,5400060.00,92.32,48.52897592,75.00895624,WAYPOINT
92,500690.00,5400060.00,90.55,48.52897592,75.00936334,WAYPOINT
93,500720.00,5400060.00,88.78,48.52897592,75.00977044,WAYPOINT
94,500750.00,5400060.00,87.09,48.52897592,75.01017754,WAYPOINT
95,500780.00,5400060.00,85.61,48.52897592,75.01058465,WAYPOINT
96,500810.00,5400060.00,84.46,48.52897592,75.01099175,WAYPOINT
97,500840.00,5400060.00,83.79,48.52897592,75.01139885,WAYPOINT
98,500870.00,5400060.00,83.72,48.52897592,75.01180595,WAYPOINT
99,500900.00,5400060.00,84.35,48.52897592,75.01221305,WAYPOINT
100,500930.00,5400060.00,85.73,48.52897592,75.01262015,WAYPOINT
101,500960.00,5400060.00,87.90,48.52897592,75.01302726,WAYPOINT
102,500990.00,5400060.00,90.83,48.52897592,75.01343436,WAYPOINT
103,500990.00,5400090.00,87.74,48.52924552,75.01343436,WAYPOINT
104,500960.00,5400090.00,85.34,48.52924552,75.01302726,WAYPOINT
105,500930.00,5400090.00,83.92,48.52924552,75.01262015,WAYPOINT
106,500900.00,5400090.00,83.46,48.52924552,75.01221305,WAYPOINT
107,500870.00,5400090.00,83.88,48.52924552,75.01180595,WAYPOINT
108,500840.00,5400090.00,85.04,48.52924552,75.01139885,WAYPOINT
109,500810.00,5400090.00,86.75,48.52924552,75.01099175,WAYPOINT
110,500780.00,5400090.00,88.83,48.52924552,75.01058465,WAYPOINT
111,500750.00,5400090.00,91.07,48.52924552,75.01017754,WAYPOINT
112,500720.00,5400090.00,93.27,48.52924552,75.00977044,WAYPOINT
113,500690.00,5400090.00,95.28,48.52924552,75.00936334,WAYPOINT
114,500660.00,5400090.00,96.97,48.52924552,75.00895624,WAYPOINT
115,500630.00,5400090.00,98.28,48.52924552,75.00854914,WAYPOINT
116,500600.00,5400090.00,99.18,48.52924552,75.00814204,WAYPOINT
117,500570.00,5400090.00,99.71,48.52924552,75.00773493,WAYPOINT
118,500540.00,5400090.00,99.94,48.52924552,75.00732783,WAYPOINT
119,500510.00,5400090.00,100.00,48.52924552,75.00692073,WAYPOINT
120,500480.00,5400090.00,100.01,48.52924552,75.00651363,WAYPOINT
121,500450.00,5400090.00,100.11,48.52924552,75.00610653,WAYPOINT
122,500420.00,5400090.00,100.43,48.52924552,75.00569942,WAYPOINT
123,500390.00,5400090.00,101.08,48.52924552,75.00529232,WAYPOINT
124,500360.00,5400090.00,102.11,48.52924552,75.00488522,WAYPOINT
125,500330.00,5400090.00,103.55,48.52924552,75.00447812,WAYPOINT
126,500300.00,5400090.00,105.36,48.52924552,75.00407102,WAYPOINT
127,500270.00,5400090.00,107.45,48.52924552,75.00366392,WAYPOINT
128,500240.00,5400090.00,109.68,48.52924552,75.00325681,WAYPOINT
129,500210.00,5400090.00,111.89,48.52924552,75.00284971,WAYPOINT
130,500180.00,5400090.00,113.87,48.52924552,75.00244261,WAYPOINT
131,500150.00,5400090.00,115.42,48.52924552,75.00203551,WAYPOINT
132,500120.00,5400090.00,116.35,48.52924552,75.00162841,WAYPOINT
133,500090.00,5400090.00,116.49,48.52924552,75.00122131,WAYPOINT
134,500060.00,5400090.00,115.72,48.52924552,75.00081420,WAYPOINT
135,500030.00,5400090.00,113.97,48.52924552,75.00040710,WAYPOINT
136,500000.00,5400090.00,111.25,48.52924552,75.00000000,WAYPOINT
137,500000.00,5400120.00,113.57,48.52951513,75.00000000,WAYPOINT
138,500030.00,5400120.00,115.77,48.52951513,75.00040710,WAYPOINT
139,500060.00,5400120.00,116.83,48.52951513,75.00081420,WAYPOINT
140,500090.00,5400120.00,116.79,48.52951513,75.00122131,WAYPOINT
141,500120.00,5400120.00,115.76,48.52951513,75.00162841,WAYPOINT
142,500150.00,5400120.00,113.92,48.52951513,75.00203551,WAYPOINT
143,500180.00,5400120.00,111.49,48.52951513,75.00244261,WAYPOINT
144,500210.00,5400120.00,108.73,48.52951513,75.00284971,WAYPOINT
145,500240.00,5400120.00,105.90,48.52951513,75.00325681,WAYPOINT
146,500270.00,5400120.00,103.24,48.52951513,75.00366392,WAYPOINT
147,500300.00,5400120.00,100.96,48.52951513,75.00407102,WAYPOINT
148,500330.00,5400120.00,99.21,48.52951513,75.00447812,WAYPOINT
149,500360.00,5400120.00,98.09,48.52951513,75.00488522,WAYPOINT
150,500390.00,5400120.00,97.61,48.52951513,75.00529232,WAYPOINT
151,500420.00,5400120.00,97.73,48.52951513,75.00569942,WAYPOINT
152,500450.00,5400120.00,98.34,48.52951513,75.00610653,WAYPOINT
153,500480.00,5400120.00,99.28,48.52951513,75.00651363,WAYPOINT
154,500510.00,5400120.00,100.36,48.52951513,75.00692073,WAYPOINT
155,500540.00,5400120.00,101.37,48.52951513,75.00732783,WAYPOINT
156,500570.00,5400120.00,102.11,48.52951513,75.00773493,WAYPOINT
157,500600.00,5400120.00,102.41,48.52951513,75.00814204,WAYPOINT
158,500630.00,5400120.00,102.14,48.52951513,75.00854914,WAYPOINT
159,500660.00,5400120.00,101.24,48.52951513,75.00895624,WAYPOINT
160,500690.00,5400120.00,99.69,48.52951513,75.00936334,WAYPOINT
161,500720.00,5400120.00,97.57,48.52951513,75.00977044,WAYPOINT
162,500750.00,5400120.00,95.02,48.52951513,75.01017754,WAYPOINT
163,500780.00,5400120.00,92.22,48.52951513,75.01058465,WAYPOINT
164,500810.00,5400120.00,89.41,48.52951513,75.01099175,WAYPOINT
165,500840.00,5400120.00,86.84,48.52951513,75.01139885,WAYPOINT
166,500870.00,5400120.00,84.77,48.52951513,75.01180595,WAYPOINT
167,500900.00,5400120.00,83.45,48.52951513,75.01221305,WAYPOINT
168,500930.00,5400120.00,83.07,48.52951513,75.01262015,WAYPOINT
169,500960.00,5400120.00,83.75,48.52951513,75.01302726,WAYPOINT
170,500990.00,5400120.00,85.57,48.52951513,75.01343436,WAYPOINT
171,500990.00,5400150.00,84.51,48.52978473,75.01343436,WAYPOINT
172,500960.00,5400150.00,83.30,48.52978473,75.01302726,WAYPOINT
173,500930.00,5400150.00,83.29,48.52978473,75.01262015,WAYPOINT
174,500900.00,5400150.00,84.38,48.52978473,75.01221305,WAYPOINT
175,500870.00,5400150.00,86.41,48.52978473,75.01180595,WAYPOINT
176,500840.00,5400150.00,89.14,48.52978473,75.01139885,WAYPOINT
177,500810.00,5400150.00,92.30,48.52978473,75.01099175,WAYPOINT
178,500780.00,5400150.00,95.59,48.52978473,75.01058465,WAYPOINT
179,500750.00,5400150.00,98.72,48.52978473,75.01017754,WAYPOINT
180,500720.00,5400150.00,101.44,48.52978473,75.00977044,WAYPOINT
181,500690.00,5400150.00,103.53,48.52978473,75.00936334,WAYPOINT
182,500660.00,5400150.00,104.86,48.52978473,75.00895624,WAYPOINT
183,500630.00,5400150.00,105.37,48.52978473,75.00854914,WAYPOINT
184,500600.00,5400150.00,105.08,48.52978473,75.00814204,WAYPOINT
185,500570.00,5400150.00,104.08,48.52978473,75.00773493,WAYPOINT
186,500540.00,5400150.00,102.53,48.52978473,75.00732783,WAYPOINT
187,500510.00,5400150.00,100.66,48.52978473,75.00692073,WAYPOINT
188,500480.00,5400150.00,98.70,48.52978473,75.00651363,WAYPOINT
189,500450.00,5400150.00,96.91,48.52978473,75.00610653,WAYPOINT
190,500420.00,5400150.00,95.52,48.52978473,75.00569942,WAYPOINT
191,500390.00,5400150.00,94.74,48.52978473,75.00529232,WAYPOINT
192,500360.00,5400150.00,94.71,48.52978473,75.00488522,WAYPOINT
193,500330.00,5400150.00,95.49,48.52978473,75.00447812,WAYPOINT
194,500300.00,5400150.00,97.09,48.52978473,75.00407102,WAYPOINT
195,500270.00,5400150.00,99.41,48.52978473,75.00366392,WAYPOINT
196,500240.00,5400150.00,102.29,48.52978473,75.00325681,WAYPOINT
197,500210.00,5400150.00,105.50,48.52978473,75.00284971,WAYPOINT
198,500180.00,5400150.00,108.78,48.52978473,75.00244261,WAYPOINT
199,500150.00,5400150.00,111.83,48.52978473,75.00203551,WAYPOINT
200,500120.00,5400150.00,114.36,48.52978473,75.00162841,WAYPOINT
201,500090.00,5400150.00,116.10,48.52978473,75.00122131,WAYPOINT
202,500060.00,5400150.00,116.84,48.52978473,75.00081420,WAYPOINT
203,500030.00,5400150.00,116.43,48.52978473,75.00040710,WAYPOINT
204,500000.00,5400150.00,114.82,48.52978473,75.00000000,WAYPOINT
205,500000.00,5400180.00,114.88,48.53005433,75.00000000,WAYPOINT
206,500030.00,5400180.00,115.89,48.53005433,75.00040710,WAYPOINT
207,500060.00,5400180.00,115.70,48.53005433,75.00081420,WAYPOINT
208,500090.00,5400180.00,114.40,48.53005433,75.00122131,WAYPOINT
209,500120.00,5400180.00,112.17,48.53005433,75.00162841,WAYPOINT
210,500150.00,5400180.00,109.22,48.53005433,75.00203551,WAYPOINT
211,500180.00,5400180.00,105.84,48.53005433,75.00244261,WAYPOINT
212,500210.00,5400180.00,102.34,48.53005433,75.00284971,WAYPOINT
213,500240.00,5400180.00,99.01,48.53005433,75.00325681,WAYPOINT
214,500270.00,5400180.00,96.14,48.53005433,75.00366392,WAYPOINT
215,500300.00,5400180.00,93.95,48.53005433,75.00407102,WAYPOINT
216,500330.00,5400180.00,92.59,48.53005433,75.00447812,WAYPOINT
217,500360.00,5400180.00,92.15,48.53005433,75.00488522,WAYPOINT
218,500390.00,5400180.00,92.62,48.53005433,75.00529232,WAYPOINT
219,500420.00,5400180.00,93.92,48.53005433,75.00569942,WAYPOINT
220,500450.00,5400180.00,95.88,48.53005433,75.00610653,WAYPOINT
221,500480.00,5400180.00,98.28,48.53005433,75.00651363,WAYPOINT
222,500510.00,5400180.00,100.87,48.53005433,75.00692073,WAYPOINT
223,500540.00,5400180.00,103.36,48.53005433,75.00732783,WAYPOINT
224,500570.00,5400180.00,105.50,48.53005433,75.00773493,WAYPOINT
225,500600.00,5400180.00,107.03,48.53005433,75.00814204,WAYPOINT
226,500630.00,5400180.00,107.79,48.53005433,75.00854914,WAYPOINT
227,500660.00,5400180.00,107.66,48.53005433,75.00895624,WAYPOINT
228,500690.00,5400180.00,106.61,48.53005433,75.00936334,WAYPOINT
229,500720.00,5400180.00,104.68,48.53005433,75.00977044,WAYPOINT
230,500750.00,5400180.00,102.01,48.53005433,75.01017754,WAYPOINT
231,500780.00,5400180.00,98.80,48.53005433,75.01058465,WAYPOINT
232,500810.00,5400180.00,95.33,48.53005433,75.01099175,WAYPOINT
233,500840.00,5400180.00,91.88,48.53005433,75.01139885,WAYPOINT
234,500870.00,5400180.00,88.75,48.53005433,75.01180595,WAYPOINT
235,500900.00,5400180.00,86.25,48.53005433,75.01221305,WAYPOINT
236,500930.00,5400180.00,84.62,48.53005433,75.01262015,WAYPOINT
237,500960.00,5400180.00,84.05,48.53005433,75.01302726,WAYPOINT
238,500990.00,5400180.00,84.65,48.53005433,75.01343436,WAYPOINT
239,500990.00,5400210.00,85.98,48.53032393,75.01343436,WAYPOINT
240,500960.00,5400210.00,85.96,48.53032393,75.01302726,WAYPOINT
241,500930.00,5400210.00,87.00,48.53032393,75.01262015,WAYPOINT
242,500900.00,5400210.00,88.98,48.53032393,75.01221305,WAYPOINT
243,500870.00,5400210.00,91.71,48.53032393,75.01180595,WAYPOINT
244,500840.00,5400210.00,94.94,48.53032393,75.01139885,WAYPOINT
245,500810.00,5400210.00,98.38,48.53032393,75.01099175,WAYPOINT
246,500780.00,5400210.00,101.75,48.53032393,75.01058465,WAYPOINT
247,500750.00,5400210.00,104.76,48.53032393,75.01017754,WAYPOINT
248,500720.00,5400210.00,107.18,48.53032393,75.00977044,WAYPOINT
249,500690.00,5400210.00,108.81,48.53032393,75.00936334,WAYPOINT
250,500660.00,5400210.00,109.54,48.53032393,75.00895624,WAYPOINT
251,500630.00,5400210.00,109.33,48.53032393,75.00854914,WAYPOINT
252,500600.00,5400210.00,108.21,48.53032393,75.00814204,WAYPOINT
253,500570.00,5400210.00,106.32,48.53032393,75.00773493,WAYPOINT
254,500540.00,5400210.00,103.83,48.53032393,75.00732783,WAYPOINT
255,500510.00,5400210.00,100.98,48.53032393,75.00692073,WAYPOINT
256,500480.00,5400210.00,98.04,48.53032393,75.00651363,WAYPOINT
257,500450.00,5400210.00,95.29,48.53032393,75.00610653,WAYPOINT
258,500420.00,5400210.00,92.97,48.53032393,75.00569942,WAYPOINT
259,500390.00,5400210.00,91.32,48.53032393,75.00529232,WAYPOINT
260,500360.00,5400210.00,90.50,48.53032393,75.00488522,WAYPOINT
261,500330.00,5400210.00,90.60,48.53032393,75.00447812,WAYPOINT
262,500300.00,5400210.00,91.64,48.53032393,75.00407102,WAYPOINT
263,500270.00,5400210.00,93.55,48.53032393,75.00366392,WAYPOINT
264,500240.00,5400210.00,96.19,48.53032393,75.00325681,WAYPOINT
265,500210.00,5400210.00,99.35,48.53032393,75.00284971,WAYPOINT
266,500180.00,5400210.00,102.78,48.53032393,75.00244261,WAYPOINT
267,500150.00,5400210.00,106.18,48.53032393,75.00203551,WAYPOINT
268,500120.00,5400210.00,109.27,48.53032393,75.00162841,WAYPOINT
269,500090.00,5400210.00,111.77,48.53032393,75.00122131,WAYPOINT
270,500060.00,5400210.00,113.45,48.53032393,75.00081420,WAYPOINT
271,500030.00,5400210.00,114.15,48.53032393,75.00040710,WAYPOINT
272,500000.00,5400210.00,113.77,48.53032393,75.00000000,WAYPOINT
273,500000.00,5400240.00,111.56,48.53059354,75.00000000,WAYPOINT
274,500030.00,5400240.00,111.33,48.53059354,75.00040710,WAYPOINT
275,500060.00,5400240.00,110.22,48.53059354,75.00081420,WAYPOINT
276,500090.00,5400240.00,108.32,48.53059354,75.00122131,WAYPOINT
277,500120.00,5400240.00,105.78,48.53059354,75.00162841,WAYPOINT
278,500150.00,5400240.00,102.82,48.53059354,75.00203551,WAYPOINT
279,500180.00,5400240.00,99.69,48.53059354,75.00244261,WAYPOINT
280,500210.00,5400240.00,96.63,48.53059354,75.00284971,WAYPOINT
281,500240.00,5400240.00,93.89,48.53059354,75.00325681,WAYPOINT
282,500270.00,5400240.00,91.69,48.53059354,75.00366392,WAYPOINT
283,500300.00,5400240.00,90.20,48.53059354,75.00407102,WAYPOINT
284,500330.00,5400240.00,89.55,48.53059354,75.00447812,WAYPOINT
285,500360.00,5400240.00,89.77,48.53059354,75.00488522,WAYPOINT
286,500390.00,5400240.00,90.85,48.53059354,75.00529232,WAYPOINT
287,500420.00,5400240.00,92.69,48.53059354,75.00569942,WAYPOINT
288,500450.00,5400240.00,95.14,48.53059354,75.00610653,WAYPOINT
289,500480.00,5400240.00,97.99,48.53059354,75.00651363,WAYPOINT
290,500510.00,5400240.00,101.01,48.53059354,75.00692073,WAYPOINT
291,500540.00,5400240.00,103.94,48.53059354,75.00732783,WAYPOINT
292,500570.00,5400240.00,106.55,48.53059354,75.00773493,WAYPOINT
293,500600.00,5400240.00,108.61,48.53059354,75.00814204,WAYPOINT
294,500630.00,5400240.00,109.96,48.53059354,75.00854914,WAYPOINT
295,500660.00,5400240.00,110.47,48.53059354,75.00895624,WAYPOINT
296,500690.00,5400240.00,110.11,48.53059354,75.00936334,WAYPOINT
297,500720.00,5400240.00,108.89,48.53059354,75.00977044,WAYPOINT
298,500750.00,5400240.00,106.92,48.53059354,75.01017754,WAYPOINT
299,500780.00,5400240.00,104.33,48.53059354,75.01058465,WAYPOINT
300,500810.00,5400240.00,101.35,48.53059354,75.01099175,WAYPOINT
301,500840.00,5400240.00,98.21,48.53059354,75.01139885,WAYPOINT
302,500870.00,5400240.00,95.17,48.53059354,75.01180595,WAYPOINT
303,500900.00,5400240.00,92.47,48.53059354,75.01221305,WAYPOINT
304,500930.00,5400240.00,90.33,48.53059354,75.01262015,WAYPOINT
305,500960.00,5400240.00,88.94,48.53059354,75.01302726,WAYPOINT
306,500990.00,5400240.00,88.41,48.53059354,75.01343436,WAYPOINT
307,500990.00,5400270.00,91.76,48.53086314,75.01343436,WAYPOINT
308,500960.00,5400270.00,92.78,48.53086314,75.01302726,WAYPOINT
309,500930.00,5400270.00,94.41,48.53086314,75.01262015,WAYPOINT
310,500900.00,5400270.00,96.52,48.53086314,75.01221305,WAYPOINT
311,500870.00,5400270.00,98.97,48.53086314,75.01180595,WAYPOINT
312,500840.00,5400270.00,101.59,48.53086314,75.01139885,WAYPOINT
313,500810.00,5400270.00,104.17,48.53086314,75.01099175,WAYPOINT
314,500780.00,5400270.00,106.52,48.53086314,75.01058465,WAYPOINT
315,500750.00,5400270.00,108.47,48.53086314,75.01017754,WAYPOINT
316,500720.00,5400270.00,109.85,48.53086314,75.00977044,WAYPOINT
317,500690.00,5400270.00,110.56,48.53086314,75.00936334,WAYPOINT
318,500660.00,5400270.00,110.53,48.53086314,75.00895624,WAYPOINT
319,500630.00,5400270.00,109.76,48.53086314,75.00854914,WAYPOINT
320,500600.00,5400270.00,108.29,48.53086314,75.00814204,WAYPOINT
321,500570.00,5400270.00,106.23,48.53086314,75.00773493,WAYPOINT
322,500540.00,5400270.00,103.73,48.53086314,75.00732783,WAYPOINT
323,500510.00,5400270.00,100.95,48.53086314,75.00692073,WAYPOINT
324,500480.00,5400270.00,98.11,48.53086314,75.00651363,WAYPOINT
325,500450.00,5400270.00,95.40,48.53086314,75.00610653,WAYPOINT
326,500420.00,5400270.00,93.02,48.53086314,75.00569942,WAYPOINT
327,500390.00,5400270.00,91.15,48.53086314,75.00529232,WAYPOINT
328,500360.00,5400270.00,89.90,48.53086314,75.00488522,WAYPOINT
329,500330.00,5400270.00,89.38,48.53086314,75.00447812,WAYPOINT
330,500300.00,5400270.00,89.60,48.53086314,75.00407102,WAYPOINT
331,500270.00,5400270.00,90.54,48.53086314,75.00366392,WAYPOINT
332,500240.00,5400270.00,92.12,48.53086314,75.00325681,WAYPOINT
333,500210.00,5400270.00,94.22,48.53086314,75.00284971,WAYPOINT
334,500180.00,5400270.00,96.68,48.53086314,75.00244261,WAYPOINT
335,500150.00,5400270.00,99.29,48.53086314,75.00203551,WAYPOINT
336,500120.00,5400270.00,101.87,48.53086314,75.00162841,WAYPOINT
337,500090.00,5400270.00,104.23,48.53086314,75.00122131,WAYPOINT
338,500060.00,5400270.00,106.20,48.53086314,75.00081420,WAYPOINT
339,500030.00,5400270.00,107.63,48.53086314,75.00040710,WAYPOINT
340,500000.00,5400270.00,108.43,48.53086314,75.00000000,WAYPOINT
341,500000.00,5400300.00,104.64,48.53113274,75.00000000,WAYPOINT
342,500030.00,5400300.00,103.29,48.53113274,75.00040710,WAYPOINT
343,500060.00,5400300.00,101.64,48.53113274,75.00081420,WAYPOINT
344,500090.00,5400300.00,99.75,48.53113274,75.00122131,WAYPOINT
345,500120.00,5400300.00,97.74,48.53113274,75.00162841,WAYPOINT
346,500150.00,5400300.00,95.73,48.53113274,75.00203551,WAYPOINT
347,500180.00,5400300.00,93.83,48.53113274,75.00244261,WAYPOINT
348,500210.00,5400300.00,92.17,48.53113274,75.00284971,WAYPOINT
349,500240.00,5400300.00,90.88,48.53113274,75.00325681,WAYPOINT
350,500270.00,5400300.00,90.03,48.53113274,75.00366392,WAYPOINT
351,500300.00,5400300.00,89.71,48.53113274,75.00407102,WAYPOINT
352,500330.00,5400300.00,89.95,48.53113274,75.00447812,WAYPOINT
353,500360.00,5400300.00,90.75,48.53113274,75.00488522,WAYPOINT
354,500390.00,5400300.00,92.07,48.53113274,75.00529232,WAYPOINT
355,500420.00,5400300.00,93.85,48.53113274,75.00569942,WAYPOINT
356,500450.00,5400300.00,95.99,48.53113274,75.00610653,WAYPOINT
357,500480.00,5400300.00,98.36,48.53113274,75.00651363,WAYPOINT
358,500510.00,5400300.00,100.82,48.53113274,75.00692073,WAYPOINT
359,500540.00,5400300.00,103.24,48.53113274,75.00732783,WAYPOINT
360,500570.00,5400300.00,105.47,48.53113274,75.00773493,WAYPOINT
361,500600.00,5400300.00,107.38,48.53113274,75.00814204,WAYPOINT
362,500630.00,5400300.00,108.87,48.53113274,75.00854914,WAYPOINT
363,500660.00,5400300.00,109.84,48.53113274,75.00895624,WAYPOINT
364,500690.00,5400300.00,110.27,48.53113274,75.00936334,WAYPOINT
365,500720.00,5400300.00,110.13,48.53113274,75.00977044,WAYPOINT
366,500750.00,5400300.00,109.46,48.53113274,75.01017754,WAYPOINT
367,500780.00,5400300.00,108.30,48.53113274,75.01058465,WAYPOINT
368,500810.00,5400300.00,106.76,48.53113274,75.01099175,WAYPOINT
369,500840.00,5400300.00,104.93,48.53113274,75.01139885,WAYPOINT
370,500870.00,5400300.00,102.94,48.53113274,75.01180595,WAYPOINT
371,500900.00,5400300.00,100.91,48.53113274,75.01221305,WAYPOINT
372,500930.00,5400300.00,98.97,48.53113274,75.01262015,WAYPOINT
373,500960.00,5400300.00,97.23,48.53113274,75.01302726,WAYPOINT
374,500990.00,5400300.00,95.77,48.53113274,75.01343436,WAYPOINT
375,500990.00,5400330.00,100.14,48.53140234,75.01343436,WAYPOINT
376,500960.00,5400330.00,101.96,48.53140234,75.01302726,WAYPOINT
377,500930.00,5400330.00,103.73,48.53140234,75.01262015,WAYPOINT
378,500900.00,5400330.00,105.39,48.53140234,75.01221305,WAYPOINT
379,500870.00,5400330.00,106.86,48.53140234,75.01180595,WAYPOINT
380,500840.00,5400330.00,108.11,48.53140234,75.01139885,WAYPOINT
381,500810.00,5400330.00,109.06,48.53140234,75.01099175,WAYPOINT
382,500780.00,5400330.00,109.69,48.53140234,75.01058465,WAYPOINT
383,500750.00,5400330.00,109.97,48.53140234,75.01017754,WAYPOINT
384,500720.00,5400330.00,109.88,48.53140234,75.00977044,WAYPOINT
385,500690.00,5400330.00,109.42,48.53140234,75.00936334,WAYPOINT
386,500660.00,5400330.00,108.61,48.53140234,75.00895624,WAYPOINT
387,500630.00,5400330.00,107.47,48.53140234,75.00854914,WAYPOINT
388,500600.00,5400330.00,106.04,48.53140234,75.00814204,WAYPOINT
389,500570.00,5400330.00,104.39,48.53140234,75.00773493,WAYPOINT
390,500540.00,5400330.00,102.57,48.53140234,75.00732783,WAYPOINT
391,500510.00,5400330.00,100.65,48.53140234,75.00692073,WAYPOINT
392,500480.00,5400330.00,98.70,48.53140234,75.00651363,WAYPOINT
393,500450.00,5400330.00,96.81,48.53140234,75.00610653,WAYPOINT
394,500420.00,5400330.00,95.04,48.53140234,75.00569942,WAYPOINT
395,500390.00,5400330.00,93.45,48.53140234,75.00529232,WAYPOINT
396,500360.00,5400330.00,92.12,48.53140234,75.00488522,WAYPOINT
397,500330.00,5400330.00,91.09,48.53140234,75.00447812,WAYPOINT
398,500300.00,5400330.00,90.39,48.53140234,75.00407102,WAYPOINT
399,500270.00,5400330.00,90.05,48.53140234,75.00366392,WAYPOINT
400,500240.00,5400330.00,90.08,48.53140234,75.00325681,WAYPOINT
401,500210.00,5400330.00,90.48,48.53140234,75.00284971,WAYPOINT
402,500180.00,5400330.00,91.22,48.53140234,75.00244261,WAYPOINT
403,500150.00,5400330.00,92.28,48.53140234,75.00203551,WAYPOINT
404,500120.00,5400330.00,93.60,48.53140234,75.00162841,WAYPOINT
405,500090.00,5400330.00,95.15,48.53140234,75.00122131,WAYPOINT
406,500060.00,5400330.00,96.85,48.53140234,75.00081420,WAYPOINT
407,500030.00,5400330.00,98.65,48.53140234,75.00040710,WAYPOINT
408,500000.00,5400330.00,100.47,48.53140234,75.00000000,WAYPOINT
409,500000.00,5400360.00,96.27,48.53167195,75.00000000,WAYPOINT
410,500030.00,5400360.00,94.03,48.53167195,75.00040710,WAYPOINT
411,500060.00,5400360.00,92.16,48.53167195,75.00081420,WAYPOINT
412,500090.00,5400360.00,90.70,48.53167195,75.00122131,WAYPOINT
413,500120.00,5400360.00,89.68,48.53167195,75.00162841,WAYPOINT
414,500150.00,5400360.00,89.10,48.53167195,75.00203551,WAYPOINT
415,500180.00,5400360.00,88.93,48.53167195,75.00244261,WAYPOINT
416,500210.00,5400360.00,89.13,48.53167195,75.00284971,WAYPOINT
417,500240.00,5400360.00,89.65,48.53167195,75.00325681,WAYPOINT
418,500270.00,5400360.00,90.44,48.53167195,75.00366392,WAYPOINT
419,500300.00,5400360.00,91.42,48.53167195,75.00407102,WAYPOINT
420,500330.00,5400360.00,92.56,48.53167195,75.00447812,WAYPOINT
421,500360.00,5400360.00,93.79,48.53167195,75.00488522,WAYPOINT
422,500390.00,5400360.00,95.08,48.53167195,75.00529232,WAYPOINT
423,500420.00,5400360.00,96.41,48.53167195,75.00569942,WAYPOINT
424,500450.00,5400360.00,97.75,48.53167195,75.00610653,WAYPOINT
425,500480.00,5400360.00,99.10,48.53167195,75.00651363,WAYPOINT
426,500510.00,5400360.00,100.45,48.53167195,75.00692073,WAYPOINT
427,500540.00,5400360.00,101.80,48.53167195,75.00732783,WAYPOINT
428,500570.00,5400360.00,103.14,48.53167195,75.00773493,WAYPOINT
429,500600.00,5400360.00,104.48,48.53167195,75.00814204,WAYPOINT
430,500630.00,5400360.00,105.78,48.53167195,75.00854914,WAYPOINT
431,500660.00,5400360.00,107.04,48.53167195,75.00895624,WAYPOINT
432,500690.00,5400360.00,108.21,48.53167195,75.00936334,WAYPOINT
433,500720.00,5400360.00,109.25,48.53167195,75.00977044,WAYPOINT
434,500750.00,5400360.00,110.11,48.53167195,75.01017754,WAYPOINT
435,500780.00,5400360.00,110.73,48.53167195,75.01058465,WAYPOINT
436,500810.00,5400360.00,111.04,48.53167195,75.01099175,WAYPOINT
437,500840.00,5400360.00,111.00,48.53167195,75.01139885,WAYPOINT
438,500870.00,5400360.00,110.56,48.53167195,75.01180595,WAYPOINT
439,500900.00,5400360.00,109.69,48.53167195,75.01221305,WAYPOINT
440,500930.00,5400360.00,108.38,48.53167195,75.01262015,WAYPOINT
441,500960.00,5400360.00,106.64,48.53167195,75.01302726,WAYPOINT
442,500990.00,5400360.00,104.51,48.53167195,75.01343436,WAYPOINT
443,500990.00,5400390.00,108.57,48.53194155,75.01343436,WAYPOINT
444,500960.00,5400390.00,110.93,48.53194155,75.01302726,WAYPOINT
445,500930.00,5400390.00,112.59,48.53194155,75.01262015,WAYPOINT
446,500900.00,5400390.00,113.55,48.53194155,75.01221305,WAYPOINT
447,500870.00,5400390.00,113.82,48.53194155,75.01180595,WAYPOINT
448,500840.00,5400390.00,113.49,48.53194155,75.01139885,WAYPOINT
449,500810.00,5400390.00,112.66,48.53194155,75.01099175,WAYPOINT
450,500780.00,5400390.00,111.46,48.53194155,75.01058465,WAYPOINT
451,500750.00,5400390.00,110.01,48.53194155,75.01017754,WAYPOINT
452,500720.00,5400390.00,108.45,48.53194155,75.00977044,WAYPOINT
453,500690.00,5400390.00,106.88,48.53194155,75.00936334,WAYPOINT
454,500660.00,5400390.00,105.39,48.53194155,75.00895624,WAYPOINT
455,500630.00,5400390.00,104.05,48.53194155,75.00854914,WAYPOINT
456,500600.00,5400390.00,102.88,48.53194155,75.00814204,WAYPOINT
457,500570.00,5400390.00,101.88,48.53194155,75.00773493,WAYPOINT
458,500540.00,5400390.00,101.02,48.53194155,75.00732783,WAYPOINT
459,500510.00,5400390.00,100.25,48.53194155,75.00692073,WAYPOINT
460,500480.00,5400390.00,99.50,48.53194155,75.00651363,WAYPOINT
461,500450.00,5400390.00,98.70,48.53194155,75.00610653,WAYPOINT
462,500420.00,5400390.00,97.80,48.53194155,75.00569942,WAYPOINT
463,500390.00,5400390.00,96.75,48.53194155,75.00529232,WAYPOINT
464,500360.00,5400390.00,95.52,48.53194155,75.00488522,WAYPOINT
465,500330.00,5400390.00,94.13,48.53194155,75.00447812,WAYPOINT
466,500300.00,5400390.00,92.61,48.53194155,75.00407102,WAYPOINT
467,500270.00,5400390.00,91.03,48.53194155,75.00366392,WAYPOINT
468,500240.00,5400390.00,89.49,48.53194155,75.00325681,WAYPOINT
469,500210.00,5400390.00,88.11,48.53194155,75.00284971,WAYPOINT
470,500180.00,5400390.00,87.01,48.53194155,75.00244261,WAYPOINT
471,500150.00,5400390.00,86.34,48.53194155,75.00203551,WAYPOINT
472,500120.00,5400390.00,86.20,48.53194155,75.00162841,WAYPOINT
473,500090.00,5400390.00,86.69,48.53194155,75.00122131,WAYPOINT
474,500060.00,5400390.00,87.88,48.53194155,75.00081420,WAYPOINT
475,500030.00,5400390.00,89.78,48.53194155,75.00040710,WAYPOINT
476,500000.00,5400390.00,92.36,48.53194155,75.00000000,WAYPOINT
477,500000.00,5400420.00,89.07,48.53221115,75.00000000,WAYPOINT
478,500030.00,5400420.00,86.22,48.53221115,75.00040710,WAYPOINT
479,500060.00,5400420.00,84.32,48.53221115,75.00081420,WAYPOINT
480,500090.00,5400420.00,83.38,48.53221115,75.00122131,WAYPOINT
481,500120.00,5400420.00,83.35,48.53221115,75.00162841,WAYPOINT
482,500150.00,5400420.00,84.11,48.53221115,75.00203551,WAYPOINT
483,500180.00,5400420.00,85.51,48.53221115,75.00244261,WAYPOINT
484,500210.00,5400420.00,87.37,48.53221115,75.00284971,WAYPOINT
485,500240.00,5400420.00,89.48,48.53221115,75.00325681,WAYPOINT
486,500270.00,5400420.00,91.66,48.53221115,75.00366392,WAYPOINT
487,500300.00,5400420.00,93.73,48.53221115,75.00407102,WAYPOINT
488,500330.00,5400420.00,95.57,48.53221115,75.00447812,WAYPOINT
489,500360.00,5400420.00,97.09,48.53221115,75.00488522,WAYPOINT
490,500390.00,5400420.00,98.24,48.53221115,75.00529232,WAYPOINT
491,500420.00,5400420.00,99.04,48.53221115,75.00569942,WAYPOINT
492,500450.00,5400420.00,99.55,48.53221115,75.00610653,WAYPOINT
493,500480.00,5400420.00,99.85,48.53221115,75.00651363,WAYPOINT
494,500510.00,5400420.00,100.07,48.53221115,75.00692073,WAYPOINT
495,500540.00,5400420.00,100.33,48.53221115,75.00732783,WAYPOINT
496,500570.00,5400420.00,100.76,48.53221115,75.00773493,WAYPOINT
497,500600.00,5400420.00,101.46,48.53221115,75.00814204,WAYPOINT
498,500630.00,5400420.00,102.49,48.53221115,75.00854914,WAYPOINT
499,500660.00,5400420.00,103.88,48.53221115,75.00895624,WAYPOINT
500,500690.00,5400420.00,105.62,48.53221115,75.00936334,WAYPOINT
501,500720.00,5400420.00,107.63,48.53221115,75.00977044,WAYPOINT
502,500750.00,5400420.00,109.79,48.53221115,75.01017754,WAYPOINT
503,500780.00,5400420.00,111.95,48.53221115,75.01058465,WAYPOINT
504,500810.00,5400420.00,113.91,48.53221115,75.01099175,WAYPOINT
505,500840.00,5400420.00,115.48,48.53221115,75.01139885,WAYPOINT
506,500870.00,5400420.00,116.48,48.53221115,75.01180595,WAYPOINT
507,500900.00,5400420.00,116.73,48.53221115,75.01221305,WAYPOINT
508,500930.00,5400420.00,116.10,48.53221115,75.01262015,WAYPOINT
509,500960.00,5400420.00,114.53,48.53221115,75.01302726,WAYPOINT
510,500990.00,5400420.00,111.99,48.53221115,75.01343436,WAYPOINT
511,500990.00,5400450.00,114.50,48.53248075,75.01343436,WAYPOINT
512,500960.00,5400450.00,117.16,48.53248075,75.01302726,WAYPOINT
513,500930.00,5400450.00,118.66,48.53248075,75.01262015,WAYPOINT
514,500900.00,5400450.00,119.04,48.53248075,75.01221305,WAYPOINT
515,500870.00,5400450.00,118.39,48.53248075,75.01180595,WAYPOINT
516,500840.00,5400450.00,116.90,48.53248075,75.01139885,WAYPOINT
517,500810.00,5400450.00,114.77,48.53248075,75.01099175,WAYPOINT
518,500780.00,5400450.00,112.25,48.53248075,75.01058465,WAYPOINT
519,500750.00,5400450.00,109.57,48.53248075,75.01017754,WAYPOINT
520,500720.00,5400450.00,106.97,48.53248075,75.00977044,WAYPOINT
521,500690.00,5400450.00,104.64,48.53248075,75.00936334,WAYPOINT
522,500660.00,5400450.00,102.72,48.53248075,75.00895624,WAYPOINT
523,500630.00,5400450.00,101.29,48.53248075,75.00854914,WAYPOINT
524,500600.00,5400450.00,100.37,48.53248075,75.00814204,WAYPOINT
525,500570.00,5400450.00,99.91,48.53248075,75.00773493,WAYPOINT
526,500540.00,5400450.00,99.81,48.53248075,75.00732783,WAYPOINT
527,500510.00,5400450.00,99.94,48.53248075,75.00692073,WAYPOINT
528,500480.00,5400450.00,100.12,48.53248075,75.00651363,WAYPOINT
529,500450.00,5400450.00,100.19,48.53248075,75.00610653,WAYPOINT
530,500420.00,5400450.00,99.99,48.53248075,75.00569942,WAYPOINT
531,500390.00,5400450.00,99.38,48.53248075,75.00529232,WAYPOINT
532,500360.00,5400450.00,98.29,48.53248075,75.00488522,WAYPOINT
533,500330.00,5400450.00,96.69,48.53248075,75.00447812,WAYPOINT
534,500300.00,5400450.00,94.62,48.53248075,75.00407102,WAYPOINT
535,500270.00,5400450.00,92.18,48.53248075,75.00366392,WAYPOINT
536,500240.00,5400450.00,89.54,48.53248075,75.00325681,WAYPOINT
537,500210.00,5400450.00,86.88,48.53248075,75.00284971,WAYPOINT
538,500180.00,5400450.00,84.46,48.53248075,75.00244261,WAYPOINT
539,500150.00,5400450.00,82.52,48.53248075,75.00203551,WAYPOINT
540,500120.00,5400450.00,81.29,48.53248075,75.00162841,WAYPOINT
541,500090.00,5400450.00,80.97,48.53248075,75.00122131,WAYPOINT
542,500060.00,5400450.00,81.71,48.53248075,75.00081420,WAYPOINT
543,500030.00,5400450.00,83.60,48.53248075,75.00040710,WAYPOINT
544,500000.00,5400450.00,86.63,48.53248075,75.00000000,WAYPOINT
545,500000.00,5400480.00,85.27,48.53275036,75.00000000,WAYPOINT
546,500030.00,5400480.00,82.13,48.53275036,75.00040710,WAYPOINT
547,500060.00,5400480.00,80.25,48.53275036,75.00081420,WAYPOINT
548,500090.00,5400480.00,79.62,48.53275036,75.00122131,WAYPOINT
549,500120.00,5400480.00,80.14,48.53275036,75.00162841,WAYPOINT
550,500150.00,5400480.00,81.64,48.53275036,75.00203551,WAYPOINT
551,500180.00,5400480.00,83.89,48.53275036,75.00244261,WAYPOINT
552,500210.00,5400480.00,86.63,48.53275036,75.00284971,WAYPOINT
553,500240.00,5400480.00,89.59,48.53275036,75.00325681,WAYPOINT
554,500270.00,5400480.00,92.50,48.53275036,75.00366392,WAYPOINT
555,500300.00,5400480.00,95.14,48.53275036,75.00407102,WAYPOINT
556,500330.00,5400480.00,97.34,48.53275036,75.00447812,WAYPOINT
557,500360.00,5400480.00,98.98,48.53275036,75.00488522,WAYPOINT
558,500390.00,5400480.00,100.03,48.53275036,75.00529232,WAYPOINT
559,500420.00,5400480.00,100.53,48.53275036,75.00569942,WAYPOINT
560,500450.00,5400480.00,100.56,48.53275036,75.00610653,WAYPOINT
561,500480.00,5400480.00,100.27,48.53275036,75.00651363,WAYPOINT
562,500510.00,5400480.00,99.86,48.53275036,75.00692073,WAYPOINT
563,500540.00,5400480.00,99.51,48.53275036,75.00732783,WAYPOINT
564,500570.00,5400480.00,99.42,48.53275036,75.00773493,WAYPOINT
565,500600.00,5400480.00,99.74,48.53275036,75.00814204,WAYPOINT
566,500630.00,5400480.00,100.60,48.53275036,75.00854914,WAYPOINT
567,500660.00,5400480.00,102.05,48.53275036,75.00895624,WAYPOINT
568,500690.00,5400480.00,104.07,48.53275036,75.00936334,WAYPOINT
569,500720.00,5400480.00,106.58,48.53275036,75.00977044,WAYPOINT
570,500750.00,5400480.00,109.42,48.53275036,75.01017754,WAYPOINT
571,500780.00,5400480.00,112.39,48.53275036,75.01058465,WAYPOINT
572,500810.00,5400480.00,115.23,48.53275036,75.01099175,WAYPOINT
573,500840.00,5400480.00,117.68,48.53275036,75.01139885,WAYPOINT
574,500870.00,5400480.00,119.46,48.53275036,75.01180595,WAYPOINT
575,500900.00,5400480.00,120.32,48.53275036,75.01221305,WAYPOINT
576,500930.00,5400480.00,120.09,48.53275036,75.01262015,WAYPOINT
577,500960.00,5400480.00,118.63,48.53275036,75.01302726,WAYPOINT
578,500990.00,5400480.00,115.91,48.53275036,75.01343436,WAYPOINT
579,500990.00,5400510.00,116.12,48.53301996,75.01343436,WAYPOINT
580,500960.00,5400510.00,118.85,48.53301996,75.01302726,WAYPOINT
581,500930.00,5400510.00,120.30,48.53301996,75.01262015,WAYPOINT
582,500900.00,5400510.00,120.51,48.53301996,75.01221305,WAYPOINT
583,500870.00,5400510.00,119.61,48.53301996,75.01180595,WAYPOINT
584,500840.00,5400510.00,117.79,48.53301996,75.01139885,WAYPOINT
585,500810.00,5400510.00,115.30,48.53301996,75.01099175,WAYPOINT
586,500780.00,5400510.00,112.41,48.53301996,75.01058465,WAYPOINT
587,500750.00,5400510.00,109.40,48.53301996,75.01017754,WAYPOINT
588,500720.00,5400510.00,106.52,48.53301996,75.00977044,WAYPOINT
589,500690.00,5400510.00,103.99,48.53301996,75.00936334,WAYPOINT
590,500660.00,5400510.00,101.95,48.53301996,75.00895624,WAYPOINT
591,500630.00,5400510.00,100.50,48.53301996,75.00854914,WAYPOINT
592,500600.00,5400510.00,99.65,48.53301996,75.00814204,WAYPOINT
593,500570.00,5400510.00,99.35,48.53301996,75.00773493,WAYPOINT
594,500540.00,5400510.00,99.47,48.53301996,75.00732783,WAYPOINT
595,500510.00,5400510.00,99.85,48.53301996,75.00692073,WAYPOINT
596,500480.00,5400510.00,100.30,48.53301996,75.00651363,WAYPOINT
597,500450.00,5400510.00,100.61,48.53301996,75.00610653,WAYPOINT
598,500420.00,5400510.00,100.61,48.53301996,75.00569942,WAYPOINT
599,500390.00,5400510.00,100.13,48.53301996,75.00529232,WAYPOINT
600,500360.00,5400510.00,99.08,48.53301996,75.00488522,WAYPOINT
601,500330.00,5400510.00,97.43,48.53301996,75.00447812,WAYPOINT
602,500300.00,5400510.00,95.22,48.53301996,75.00407102,WAYPOINT
603,500270.00,5400510.00,92.55,48.53301996,75.00366392,WAYPOINT
604,500240.00,5400510.00,89.60,48.53301996,75.00325681,WAYPOINT
605,500210.00,5400510.00,86.60,48.53301996,75.00284971,WAYPOINT
606,500180.00,5400510.00,83.81,48.53301996,75.00244261,WAYPOINT
607,500150.00,5400510.00,81.52,48.53301996,75.00203551,WAYPOINT
608,500120.00,5400510.00,79.98,48.53301996,75.00162841,WAYPOINT
609,500090.00,5400510.00,79.43,48.53301996,75.00122131,WAYPOINT
610,500060.00,5400510.00,80.04,48.53301996,75.00081420,WAYPOINT
611,500030.00,5400510.00,81.92,48.53301996,75.00040710,WAYPOINT
612,500000.00,5400510.00,85.07,48.53301996,75.00000000,WAYPOINT
613,500000.00,5400540.00,86.05,48.53328956,75.00000000,WAYPOINT
614,500030.00,5400540.00,82.98,48.53328956,75.00040710,WAYPOINT
615,500060.00,5400540.00,81.09,48.53328956,75.00081420,WAYPOINT
616,500090.00,5400540.00,80.40,48.53328956,75.00122131,WAYPOINT
617,500120.00,5400540.00,80.80,48.53328956,75.00162841,WAYPOINT
618,500150.00,5400540.00,82.15,48.53328956,75.00203551,WAYPOINT
619,500180.00,5400540.00,84.22,48.53328956,75.00244261,WAYPOINT
620,500210.00,5400540.00,86.78,48.53328956,75.00284971,WAYPOINT
621,500240.00,5400540.00,89.56,48.53328956,75.00325681,WAYPOINT
622,500270.00,5400540.00,92.32,48.53328956,75.00366392,WAYPOINT
623,500300.00,5400540.00,94.84,48.53328956,75.00407102,WAYPOINT
624,500330.00,5400540.00,96.96,48.53328956,75.00447812,WAYPOINT
625,500360.00,5400540.00,98.58,48.53328956,75.00488522,WAYPOINT
626,500390.00,5400540.00,99.66,48.53328956,75.00529232,WAYPOINT
627,500420.00,5400540.00,100.21,48.53328956,75.00569942,WAYPOINT
628,500450.00,5400540.00,100.35,48.53328956,75.00610653,WAYPOINT
629,500480.00,5400540.00,100.19,48.53328956,75.00651363,WAYPOINT
630,500510.00,5400540.00,99.90,48.53328956,75.00692073,WAYPOINT
631,500540.00,5400540.00,99.68,48.53328956,75.00732783,WAYPOINT
632,500570.00,5400540.00,99.70,48.53328956,75.00773493,WAYPOINT
633,500600.00,5400540.00,100.10,48.53328956,75.00814204,WAYPOINT
634,500630.00,5400540.00,101.00,48.53328956,75.00854914,WAYPOINT
635,500660.00,5400540.00,102.44,48.53328956,75.00895624,WAYPOINT
636,500690.00,5400540.00,104.40,48.53328956,75.00936334,WAYPOINT
637,500720.00,5400540.00,106.81,48.53328956,75.00977044,WAYPOINT
638,500750.00,5400540.00,109.51,48.53328956,75.01017754,WAYPOINT
639,500780.00,5400540.00,112.31,48.53328956,75.01058465,WAYPOINT
640,500810.00,5400540.00,114.97,48.53328956,75.01099175,WAYPOINT
641,500840.00,5400540.00,117.23,48.53328956,75.01139885,WAYPOINT
642,500870.00,5400540.00,118.85,48.53328956,75.01180595,WAYPOINT
643,500900.00,5400540.00,119.58,48.53328956,75.01221305,WAYPOINT
644,500930.00,5400540.00,119.27,48.53328956,75.01262015,WAYPOINT
645,500960.00,5400540.00,117.78,48.53328956,75.01302726,WAYPOINT
646,500990.00,5400540.00,115.10,48.53328956,75.01343436,WAYPOINT
647,500990.00,5400570.00,112.94,48.53355916,75.01343436,WAYPOINT
648,500960.00,5400570.00,115.52,48.53355916,75.01302726,WAYPOINT
649,500930.00,5400570.00,117.07,48.53355916,75.01262015,WAYPOINT
650,500900.00,5400570.00,117.60,48.53355916,75.01221305,WAYPOINT
651,500870.00,5400570.00,117.21,48.53355916,75.01180595,WAYPOINT
652,500840.00,5400570.00,116.02,48.53355916,75.01139885,WAYPOINT
653,500810.00,5400570.00,114.24,48.53355916,75.01099175,WAYPOINT
654,500780.00,5400570.00,112.07,48.53355916,75.01058465,WAYPOINT
655,500750.00,5400570.00,109.72,48.53355916,75.01017754,WAYPOINT
656,500720.00,5400570.00,107.39,48.53355916,75.00977044,WAYPOINT
657,500690.00,5400570.00,105.26,48.53355916,75.00936334,WAYPOINT
658,500660.00,5400570.00,103.45,48.53355916,75.00895624,WAYPOINT
659,500630.00,5400570.00,102.04,48.53355916,75.00854914,WAYPOINT
660,500600.00,5400570.00,101.05,48.53355916,75.00814204,WAYPOINT
661,500570.00,5400570.00,100.44,48.53355916,75.00773493,WAYPOINT
662,500540.00,5400570.00,100.14,48.53355916,75.00732783,WAYPOINT
663,500510.00,5400570.00,100.02,48.53355916,75.00692073,WAYPOINT
664,500480.00,5400570.00,99.95,48.53355916,75.00651363,WAYPOINT
665,500450.00,5400570.00,99.79,48.53355916,75.00610653,WAYPOINT
666,500420.00,5400570.00,99.40,48.53355916,75.00569942,WAYPOINT
667,500390.00,5400570.00,98.67,48.53355916,75.00529232,WAYPOINT
668,500360.00,5400570.00,97.54,48.53355916,75.00488522,WAYPOINT
669,500330.00,5400570.00,95.99,48.53355916,75.00447812,WAYPOINT
670,500300.00,5400570.00,94.06,48.53355916,75.00407102,WAYPOINT
671,500270.00,5400570.00,91.85,48.53355916,75.00366392,WAYPOINT
672,500240.00,5400570.00,89.49,48.53355916,75.00325681,WAYPOINT
673,500210.00,5400570.00,87.18,48.53355916,75.00284971,WAYPOINT
674,500180.00,5400570.00,85.11,48.53355916,75.00244261,WAYPOINT
675,500150.00,5400570.00,83.51,48.53355916,75.00203551,WAYPOINT
676,500120.00,5400570.00,82.57,48.53355916,75.00162841,WAYPOINT
677,500090.00,5400570.00,82.47,48.53355916,75.00122131,WAYPOINT
678,500060.00,5400570.00,83.33,48.53355916,75.00081420,WAYPOINT
679,500030.00,5400570.00,85.23,48.53355916,75.00040710,WAYPOINT
680,500000.00,5400570.00,88.15,48.53355916,75.00000000,WAYPOINT
681,500000.00,5400600.00,91.18,48.53382877,75.00000000,WAYPOINT
682,500030.00,5400600.00,88.50,48.53382877,75.00040710,WAYPOINT
683,500060.00,5400600.00,86.60,48.53382877,75.00081420,WAYPOINT
684,500090.00,5400600.00,85.50,48.53382877,75.00122131,WAYPOINT
685,500120.00,5400600.00,85.17,48.53382877,75.00162841,WAYPOINT
686,500150.00,5400600.00,85.53,48.53382877,75.00203551,WAYPOINT
687,500180.00,5400600.00,86.46,48.53382877,75.00244261,WAYPOINT
688,500210.00,5400600.00,87.83,48.53382877,75.00284971,WAYPOINT
689,500240.00,5400600.00,89.47,48.53382877,75.00325681,WAYPOINT
690,500270.00,5400600.00,91.24,48.53382877,75.00366392,WAYPOINT
691,500300.00,5400600.00,93.00,48.53382877,75.00407102,WAYPOINT
692,500330.00,5400600.00,94.63,48.53382877,75.00447812,WAYPOINT
693,500360.00,5400600.00,96.07,48.53382877,75.00488522,WAYPOINT
694,500390.00,5400600.00,97.28,48.53382877,75.00529232,WAYPOINT
695,500420.00,5400600.00,98.24,48.53382877,75.00569942,WAYPOINT
696,500450.00,5400600.00,99.00,48.53382877,75.00610653,WAYPOINT
697,500480.00,5400600.00,99.62,48.53382877,75.00651363,WAYPOINT
698,500510.00,5400600.00,100.19,48.53382877,75.00692073,WAYPOINT
699,500540.00,5400600.00,100.78,48.53382877,75.00732783,WAYPOINT
700,500570.00,5400600.00,101.49,48.53382877,75.00773493,WAYPOINT
701,500600.00,5400600.00,102.38,48.53382877,75.00814204,WAYPOINT
702,500630.00,5400600.00,103.50,48.53382877,75.00854914,WAYPOINT
703,500660.00,5400600.00,104.86,48.53382877,75.00895624,WAYPOINT
704,500690.00,5400600.00,106.44,48.53382877,75.00936334,WAYPOINT
705,500720.00,5400600.00,108.17,48.53382877,75.00977044,WAYPOINT
706,500750.00,5400600.00,109.95,48.53382877,75.01017754,WAYPOINT
707,500780.00,5400600.00,111.65,48.53382877,75.01058465,WAYPOINT
708,500810.00,5400600.00,113.12,48.53382877,75.01099175,WAYPOINT
709,500840.00,5400600.00,114.22,48.53382877,75.01139885,WAYPOINT
710,500870.00,5400600.00,114.78,48.53382877,75.01180595,WAYPOINT
711,500900.00,5400600.00,114.69,48.53382877,75.01221305,WAYPOINT
712,500930.00,5400600.00,113.86,48.53382877,75.01262015,WAYPOINT
713,500960.00,5400600.00,112.22,48.53382877,75.01302726,WAYPOINT
714,500990.00,5400600.00,109.79,48.53382877,75.01343436,WAYPOINT
715,500990.00,5400630.00,105.92,48.53409837,75.01343436,WAYPOINT
716,500960.00,5400630.00,108.13,48.53409837,75.01302726,WAYPOINT
717,500930.00,5400630.00,109.84,48.53409837,75.01262015,WAYPOINT
718,500900.00,5400630.00,111.03,48.53409837,75.01221305,WAYPOINT
719,500870.00,5400630.00,111.70,48.53409837,75.01180595,WAYPOINT
720,500840.00,5400630.00,111.88,48.53409837,75.01139885,WAYPOINT
721,500810.00,5400630.00,111.62,48.53409837,75.01099175,WAYPOINT
722,500780.00,5400630.00,111.00,48.53409837,75.01058465,WAYPOINT
723,500750.00,5400630.00,110.10,48.53409837,75.01017754,WAYPOINT
724,500720.00,5400630.00,109.00,48.53409837,75.00977044,WAYPOINT
725,500690.00,5400630.00,107.77,48.53409837,75.00936334,WAYPOINT
726,500660.00,5400630.00,106.49,48.53409837,75.00895624,WAYPOINT
727,500630.00,5400630.00,105.20,48.53409837,75.00854914,WAYPOINT
728,500600.00,5400630.00,103.94,48.53409837,75.00814204,WAYPOINT
729,500570.00,5400630.00,102.72,48.53409837,75.00773493,WAYPOINT
730,500540.00,5400630.00,101.53,48.53409837,75.00732783,WAYPOINT
731,500510.00,5400630.00,100.38,48.53409837,75.00692073,WAYPOINT
732,500480.00,5400630.00,99.24,48.53409837,75.00651363,WAYPOINT
733,500450.00,5400630.00,98.08,48.53409837,75.00610653,WAYPOINT
734,500420.00,5400630.00,96.88,48.53409837,75.00569942,WAYPOINT
735,500390.00,5400630.00,95.65,48.53409837,75.00529232,WAYPOINT
736,500360.00,5400630.00,94.37,48.53409837,75.00488522,WAYPOINT
737,500330.00,5400630.00,93.08,48.53409837,75.00447812,WAYPOINT
738,500300.00,5400630.00,91.81,48.53409837,75.00407102,WAYPOINT
739,500270.00,5400630.00,90.62,48.53409837,75.00366392,WAYPOINT
740,500240.00,5400630.00,89.57,48.53409837,75.00325681,WAYPOINT
741,500210.00,5400630.00,88.76,48.53409837,75.00284971,WAYPOINT
742,500180.00,5400630.00,88.25,48.53409837,75.00244261,WAYPOINT
743,500150.00,5400630.00,88.13,48.53409837,75.00203551,WAYPOINT
744,500120.00,5400630.00,88.46,48.53409837,75.00162841,WAYPOINT
745,500090.00,5400630.00,89.30,48.53409837,75.00122131,WAYPOINT
746,500060.00,5400630.00,90.67,48.53409837,75.00081420,WAYPOINT
747,500030.00,5400630.00,92.56,48.53409837,75.00040710,WAYPOINT
748,500000.00,5400630.00,94.92,48.53409837,75.00000000,WAYPOINT
749,500000.00,5400660.00,99.06,48.53436797,75.00000000,WAYPOINT
750,500030.00,5400660.00,97.09,48.53436797,75.00040710,WAYPOINT
751,500060.00,5400660.00,95.26,48.53436797,75.00081420,WAYPOINT
752,500090.00,5400660.00,93.63,48.53436797,75.00122131,WAYPOINT
753,500120.00,5400660.00,92.26,48.53436797,75.00162841,WAYPOINT
754,500150.00,5400660.00,91.18,48.53436797,75.00203551,WAYPOINT
755,500180.00,5400660.00,90.42,48.53436797,75.00244261,WAYPOINT
756,500210.00,5400660.00,89.99,48.53436797,75.00284971,WAYPOINT
757,500240.00,5400660.00,89.90,48.53436797,75.00325681,WAYPOINT
758,500270.00,5400660.00,90.15,48.53436797,75.00366392,WAYPOINT
759,500300.00,5400660.00,90.70,48.53436797,75.00407102,WAYPOINT
760,500330.00,5400660.00,91.55,48.53436797,75.00447812,WAYPOINT
761,500360.00,5400660.00,92.66,48.53436797,75.00488522,WAYPOINT
762,500390.00,5400660.00,93.98,48.53436797,75.00529232,WAYPOINT
763,500420.00,5400660.00,95.48,48.53436797,75.00569942,WAYPOINT
764,500450.00,5400660.00,97.12,48.53436797,75.00610653,WAYPOINT
765,500480.00,5400660.00,98.83,48.53436797,75.00651363,WAYPOINT
766,500510.00,5400660.00,100.58,48.53436797,75.00692073,WAYPOINT
767,500540.00,5400660.00,102.32,48.53436797,75.00732783,WAYPOINT
768,500570.00,5400660.00,103.99,48.53436797,75.00773493,WAYPOINT
769,500600.00,5400660.00,105.54,48.53436797,75.00814204,WAYPOINT
770,500630.00,5400660.00,106.93,48.53436797,75.00854914,WAYPOINT
771,500660.00,5400660.00,108.11,48.53436797,75.00895624,WAYPOINT
772,500690.00,5400660.00,109.04,48.53436797,75.00936334,WAYPOINT
773,500720.00,5400660.00,109.70,48.53436797,75.00977044,WAYPOINT
774,500750.00,5400660.00,110.05,48.53436797,75.01017754,WAYPOINT
775,500780.00,5400660.00,110.07,48.53436797,75.01058465,WAYPOINT
776,500810.00,5400660.00,109.76,48.53436797,75.01099175,WAYPOINT
777,500840.00,5400660.00,109.11,48.53436797,75.01139885,WAYPOINT
778,500870.00,5400660.00,108.13,48.53436797,75.01180595,WAYPOINT
779,500900.00,5400660.00,106.85,48.53436797,75.01221305,WAYPOINT
780,500930.00,5400660.00,105.31,48.53436797,75.01262015,WAYPOINT
781,500960.00,5400660.00,103.54,48.53436797,75.01302726,WAYPOINT
782,500990.00,5400660.00,101.61,48.53436797,75.01343436,WAYPOINT
783,500990.00,5400690.00,97.20,48.53463757,75.01343436,WAYPOINT
784,500960.00,5400690.00,98.79,48.53463757,75.01302726,WAYPOINT
785,500930.00,5400690.00,100.55,48.53463757,75.01262015,WAYPOINT
786,500900.00,5400690.00,102.40,48.53463757,75.01221305,WAYPOINT
787,500870.00,5400690.00,104.26,48.53463757,75.01180595,WAYPOINT
788,500840.00,5400690.00,106.01,48.53463757,75.01139885,WAYPOINT
789,500810.00,5400690.00,107.56,48.53463757,75.01099175,WAYPOINT
790,500780.00,5400690.00,108.81,48.53463757,75.01058465,WAYPOINT
791,500750.00,5400690.00,109.68,48.53463757,75.01017754,WAYPOINT
792,500720.00,5400690.00,110.10,48.53463757,75.00977044,WAYPOINT
793,500690.00,5400690.00,110.04,48.53463757,75.00936334,WAYPOINT
794,500660.00,5400690.00,109.48,48.53463757,75.00895624,WAYPOINT
795,500630.00,5400690.00,108.45,48.53463757,75.00854914,WAYPOINT
796,500600.00,5400690.00,106.97,48.53463757,75.00814204,WAYPOINT
797,500570.00,5400690.00,105.14,48.53463757,75.00773493,WAYPOINT
798,500540.00,5400690.00,103.04,48.53463757,75.00732783,WAYPOINT
799,500510.00,5400690.00,100.77,48.53463757,75.00692073,WAYPOINT
800,500480.00,5400690.00,98.46,48.53463757,75.00651363,WAYPOINT
801,500450.00,5400690.00,96.24,48.53463757,75.00610653,WAYPOINT
802,500420.00,5400690.00,94.21,48.53463757,75.00569942,WAYPOINT
803,500390.00,5400690.00,92.49,48.53463757,75.00529232,WAYPOINT
804,500360.00,5400690.00,91.16,48.53463757,75.00488522,WAYPOINT
805,500330.00,5400690.00,90.28,48.53463757,75.00447812,WAYPOINT
806,500300.00,5400690.00,89.89,48.53463757,75.00407102,WAYPOINT
807,500270.00,5400690.00,89.99,48.53463757,75.00366392,WAYPOINT
808,500240.00,5400690.00,90.57,48.53463757,75.00325681,WAYPOINT
809,500210.00,5400690.00,91.57,48.53463757,75.00284971,WAYPOINT
810,500180.00,5400690.00,92.93,48.53463757,75.00244261,WAYPOINT
811,500150.00,5400690.00,94.56,48.53463757,75.00203551,WAYPOINT
812,500120.00,5400690.00,96.35,48.53463757,75.00162841,WAYPOINT
813,500090.00,5400690.00,98.22,48.53463757,75.00122131,WAYPOINT
814,500060.00,5400690.00,100.05,48.53463757,75.00081420,WAYPOINT
815,500030.00,5400690.00,101.76,48.53463757,75.00040710,WAYPOINT
816,500000.00,5400690.00,103.27,48.53463757,75.00000000,WAYPOINT
817,500000.00,5400720.00,107.23,48.53490718,75.00000000,WAYPOINT
818,500030.00,5400720.00,106.24,48.53490718,75.00040710,WAYPOINT
819,500060.00,5400720.00,104.72,48.53490718,75.00081420,WAYPOINT
820,500090.00,5400720.00,102.77,48.53490718,75.00122131,WAYPOINT
821,500120.00,5400720.00,100.51,48.53490718,75.00162841,WAYPOINT
822,500150.00,5400720.00,98.10,48.53490718,75.00203551,WAYPOINT
823,500180.00,5400720.00,95.70,48.53490718,75.00244261,WAYPOINT
824,500210.00,5400720.00,93.50,48.53490718,75.00284971,WAYPOINT
825,500240.00,5400720.00,91.65,48.53490718,75.00325681,WAYPOINT
826,500270.00,5400720.00,90.31,48.53490718,75.00366392,WAYPOINT
827,500300.00,5400720.00,89.56,48.53490718,75.00407102,WAYPOINT
828,500330.00,5400720.00,89.49,48.53490718,75.00447812,WAYPOINT
829,500360.00,5400720.00,90.11,48.53490718,75.00488522,WAYPOINT
830,500390.00,5400720.00,91.39,48.53490718,75.00529232,WAYPOINT
831,500420.00,5400720.00,93.25,48.53490718,75.00569942,WAYPOINT
832,500450.00,5400720.00,95.56,48.53490718,75.00610653,WAYPOINT
833,500480.00,5400720.00,98.18,48.53490718,75.00651363,WAYPOINT
834,500510.00,5400720.00,100.92,48.53490718,75.00692073,WAYPOINT
835,500540.00,5400720.00,103.59,48.53490718,75.00732783,WAYPOINT
836,500570.00,5400720.00,106.02,48.53490718,75.00773493,WAYPOINT
837,500600.00,5400720.00,108.05,48.53490718,75.00814204,WAYPOINT
838,500630.00,5400720.00,109.53,48.53490718,75.00854914,WAYPOINT
839,500660.00,5400720.00,110.38,48.53490718,75.00895624,WAYPOINT
840,500690.00,5400720.00,110.54,48.53490718,75.00936334,WAYPOINT
841,500720.00,5400720.00,110.01,48.53490718,75.00977044,WAYPOINT
842,500750.00,5400720.00,108.86,48.53490718,75.01017754,WAYPOINT
843,500780.00,5400720.00,107.16,48.53490718,75.01058465,WAYPOINT
844,500810.00,5400720.00,105.06,48.53490718,75.01099175,WAYPOINT
845,500840.00,5400720.00,102.71,48.53490718,75.01139885,WAYPOINT
846,500870.00,5400720.00,100.28,48.53490718,75.01180595,WAYPOINT
847,500900.00,5400720.00,97.96,48.53490718,75.01221305,WAYPOINT
848,500930.00,5400720.00,95.89,48.53490718,75.01262015,WAYPOINT
849,500960.00,5400720.00,94.21,48.53490718,75.01302726,WAYPOINT
850,500990.00,5400720.00,93.04,48.53490718,75.01343436,WAYPOINT
851,500990.00,5400750.00,89.44,48.53517678,75.01343436,WAYPOINT
852,500960.00,5400750.00,90.14,48.53517678,75.01302726,WAYPOINT
853,500930.00,5400750.00,91.62,48.53517678,75.01262015,WAYPOINT
854,500900.00,5400750.00,93.77,48.53517678,75.01221305,WAYPOINT
855,500870.00,5400750.00,96.41,48.53517678,75.01180595,WAYPOINT
856,500840.00,5400750.00,99.33,48.53517678,75.01139885,WAYPOINT
857,500810.00,5400750.00,102.31,48.53517678,75.01099175,WAYPOINT
858,500780.00,5400750.00,105.11,48.53517678,75.01058465,WAYPOINT
859,500750.00,5400750.00,107.50,48.53517678,75.01017754,WAYPOINT
860,500720.00,5400750.00,109.29,48.53517678,75.00977044,WAYPOINT
861,500690.00,5400750.00,110.35,48.53517678,75.00936334,WAYPOINT
862,500660.00,5400750.00,110.59,48.53517678,75.00895624,WAYPOINT
863,500630.00,5400750.00,109.98,48.53517678,75.00854914,WAYPOINT
864,500600.00,5400750.00,108.58,48.53517678,75.00814204,WAYPOINT
865,500570.00,5400750.00,106.50,48.53517678,75.00773493,WAYPOINT
866,500540.00,5400750.00,103.90,48.53517678,75.00732783,WAYPOINT
867,500510.00,5400750.00,101.00,48.53517678,75.00692073,WAYPOINT
868,500480.00,5400750.00,98.01,48.53517678,75.00651363,WAYPOINT
869,500450.00,5400750.00,95.18,48.53517678,75.00610653,WAYPOINT
870,500420.00,5400750.00,92.74,48.53517678,75.00569942,WAYPOINT
871,500390.00,5400750.00,90.87,48.53517678,75.00529232,WAYPOINT
872,500360.00,5400750.00,89.73,48.53517678,75.00488522,WAYPOINT
873,500330.00,5400750.00,89.40,48.53517678,75.00447812,WAYPOINT
874,500300.00,5400750.00,89.91,48.53517678,75.00407102,WAYPOINT
875,500270.00,5400750.00,91.23,48.53517678,75.00366392,WAYPOINT
876,500240.00,5400750.00,93.24,48.53517678,75.00325681,WAYPOINT
877,500210.00,5400750.00,95.79,48.53517678,75.00284971,WAYPOINT
878,500180.00,5400750.00,98.67,48.53517678,75.00244261,WAYPOINT
879,500150.00,5400750.00,101.66,48.53517678,75.00203551,WAYPOINT
880,500120.00,5400750.00,104.52,48.53517678,75.00162841,WAYPOINT
881,500090.00,5400750.00,107.01,48.53517678,75.00122131,WAYPOINT
882,500060.00,5400750.00,108.96,48.53517678,75.00081420,WAYPOINT
883,500030.00,5400750.00,110.19,48.53517678,75.00040710,WAYPOINT
884,500000.00,5400750.00,110.61,48.53517678,75.00000000,WAYPOINT
885,500000.00,5400780.00,113.14,48.53544638,75.00000000,WAYPOINT
886,500030.00,5400780.00,113.32,48.53544638,75.00040710,WAYPOINT
887,500060.00,5400780.00,112.48,48.53544638,75.00081420,WAYPOINT
888,500090.00,5400780.00,110.70,48.53544638,75.00122131,WAYPOINT
889,500120.00,5400780.00,108.16,48.53544638,75.00162841,WAYPOINT
890,500150.00,5400780.00,105.09,48.53544638,75.00203551,WAYPOINT
891,500180.00,5400780.00,101.74,48.53544638,75.00244261,WAYPOINT
892,500210.00,5400780.00,98.41,48.53544638,75.00284971,WAYPOINT
893,500240.00,5400780.00,95.36,48.53544638,75.00325681,WAYPOINT
894,500270.00,5400780.00,92.85,48.53544638,75.00366392,WAYPOINT
895,500300.00,5400780.00,91.06,48.53544638,75.00407102,WAYPOINT
896,500330.00,5400780.00,90.15,48.53544638,75.00447812,WAYPOINT
897,500360.00,5400780.00,90.16,48.53544638,75.00488522,WAYPOINT
898,500390.00,5400780.00,91.07,48.53544638,75.00529232,WAYPOINT
899,500420.00,5400780.00,92.81,48.53544638,75.00569942,WAYPOINT
900,500450.00,5400780.00,95.19,48.53544638,75.00610653,WAYPOINT
901,500480.00,5400780.00,98.01,48.53544638,75.00651363,WAYPOINT
902,500510.00,5400780.00,101.00,48.53544638,75.00692073,WAYPOINT
903,500540.00,5400780.00,103.91,48.53544638,75.00732783,WAYPOINT
904,500570.00,5400780.00,106.46,48.53544638,75.00773493,WAYPOINT
905,500600.00,5400780.00,108.43,48.53544638,75.00814204,WAYPOINT
906,500630.00,5400780.00,109.64,48.53544638,75.00854914,WAYPOINT
907,500660.00,5400780.00,109.95,48.53544638,75.00895624,WAYPOINT
908,500690.00,5400780.00,109.34,48.53544638,75.00936334,WAYPOINT
909,500720.00,5400780.00,107.84,48.53544638,75.00977044,WAYPOINT
910,500750.00,5400780.00,105.55,48.53544638,75.01017754,WAYPOINT
911,500780.00,5400780.00,102.65,48.53544638,75.01058465,WAYPOINT
912,500810.00,5400780.00,99.38,48.53544638,75.01099175,WAYPOINT
913,500840.00,5400780.00,96.01,48.53544638,75.01139885,WAYPOINT
914,500870.00,5400780.00,92.82,48.53544638,75.01180595,WAYPOINT
915,500900.00,5400780.00,90.07,48.53544638,75.01221305,WAYPOINT
916,500930.00,5400780.00,88.02,48.53544638,75.01262015,WAYPOINT
917,500960.00,5400780.00,86.85,48.53544638,75.01302726,WAYPOINT
918,500990.00,5400780.00,86.68,48.53544638,75.01343436,WAYPOINT
919,500990.00,5400810.00,84.96,48.53571598,75.01343436,WAYPOINT
920,500960.00,5400810.00,84.56,48.53571598,75.01302726,WAYPOINT
921,500930.00,5400810.00,85.30,48.53571598,75.01262015,WAYPOINT
922,500900.00,5400810.00,87.07,48.53571598,75.01221305,WAYPOINT
923,500870.00,5400810.00,89.67,48.53571598,75.01180595,WAYPOINT
924,500840.00,5400810.00,92.86,48.53571598,75.01139885,WAYPOINT
925,500810.00,5400810.00,96.35,48.53571598,75.01099175,WAYPOINT
926,500780.00,5400810.00,99.82,48.53571598,75.01058465,WAYPOINT
927,500750.00,5400810.00,102.99,48.53571598,75.01017754,WAYPOINT
928,500720.00,5400810.00,105.60,48.53571598,75.00977044,WAYPOINT
929,500690.00,5400810.00,107.44,48.53571598,75.00936334,WAYPOINT
930,500660.00,5400810.00,108.39,48.53571598,75.00895624,WAYPOINT
931,500630.00,5400810.00,108.41,48.53571598,75.00854914,WAYPOINT
932,500600.00,5400810.00,107.52,48.53571598,75.00814204,WAYPOINT
933,500570.00,5400810.00,105.84,48.53571598,75.00773493,WAYPOINT
934,500540.00,5400810.00,103.56,48.53571598,75.00732783,WAYPOINT
935,500510.00,5400810.00,100.92,48.53571598,75.00692073,WAYPOINT
936,500480.00,5400810.00,98.18,48.53571598,75.00651363,WAYPOINT
937,500450.00,5400810.00,95.63,48.53571598,75.00610653,WAYPOINT
938,500420.00,5400810.00,93.53,48.53571598,75.00569942,WAYPOINT
939,500390.00,5400810.00,92.09,48.53571598,75.00529232,WAYPOINT
940,500360.00,5400810.00,91.49,48.53571598,75.00488522,WAYPOINT
941,500330.00,5400810.00,91.82,48.53571598,75.00447812,WAYPOINT
942,500300.00,5400810.00,93.08,48.53571598,75.00407102,WAYPOINT
943,500270.00,5400810.00,95.20,48.53571598,75.00366392,WAYPOINT
944,500240.00,5400810.00,98.02,48.53571598,75.00325681,WAYPOINT
945,500210.00,5400810.00,101.32,48.53571598,75.00284971,WAYPOINT
946,500180.00,5400810.00,104.83,48.53571598,75.00244261,WAYPOINT
947,500150.00,5400810.00,108.25,48.53571598,75.00203551,WAYPOINT
948,500120.00,5400810.00,111.27,48.53571598,75.00162841,WAYPOINT
949,500090.00,5400810.00,113.63,48.53571598,75.00122131,WAYPOINT
950,500060.00,5400810.00,115.07,48.53571598,75.00081420,WAYPOINT
951,500030.00,5400810.00,115.44,48.53571598,75.00040710,WAYPOINT
952,500000.00,5400810.00,114.64,48.53571598,75.00000000,WAYPOINT
953,500000.00,5400840.00,114.97,48.53598559,75.00000000,WAYPOINT
954,500030.00,5400840.00,116.38,48.53598559,75.00040710,WAYPOINT
955,500060.00,5400840.00,116.58,48.53598559,75.00081420,WAYPOINT
956,500090.00,5400840.00,115.64,48.53598559,75.00122131,WAYPOINT
957,500120.00,5400840.00,113.71,48.53598559,75.00162841,WAYPOINT
958,500150.00,5400840.00,111.01,48.53598559,75.00203551,WAYPOINT
959,500180.00,5400840.00,107.82,48.53598559,75.00244261,WAYPOINT
960,500210.00,5400840.00,104.43,48.53598559,75.00284971,WAYPOINT
961,500240.00,5400840.00,101.15,48.53598559,75.00325681,WAYPOINT
962,500270.00,5400840.00,98.25,48.53598559,75.00366392,WAYPOINT
963,500300.00,5400840.00,95.95,48.53598559,75.00407102,WAYPOINT
964,500330.00,5400840.00,94.43,48.53598559,75.00447812,WAYPOINT
965,500360.00,5400840.00,93.76,48.53598559,75.00488522,WAYPOINT
966,500390.00,5400840.00,93.95,48.53598559,75.00529232,WAYPOINT
967,500420.00,5400840.00,94.91,48.53598559,75.00569942,WAYPOINT
968,500450.00,5400840.00,96.52,48.53598559,75.00610653,WAYPOINT
969,500480.00,5400840.00,98.54,48.53598559,75.00651363,WAYPOINT
970,500510.00,5400840.00,100.74,48.53598559,75.00692073,WAYPOINT
971,500540.00,5400840.00,102.85,48.53598559,75.00732783,WAYPOINT
972,500570.00,5400840.00,104.61,48.53598559,75.00773493,WAYPOINT
973,500600.00,5400840.00,105.81,48.53598559,75.00814204,WAYPOINT
974,500630.00,5400840.00,106.27,48.53598559,75.00854914,WAYPOINT
975,500660.00,5400840.00,105.89,48.53598559,75.00895624,WAYPOINT
976,500690.00,5400840.00,104.65,48.53598559,75.00936334,WAYPOINT
977,500720.00,5400840.00,102.59,48.53598559,75.00977044,WAYPOINT
978,500750.00,5400840.00,99.87,48.53598559,75.01017754,WAYPOINT
979,500780.00,5400840.00,96.69,48.53598559,75.01058465,WAYPOINT
980,500810.00,5400840.00,93.30,48.53598559,75.01099175,WAYPOINT
981,500840.00,5400840.00,90.01,48.53598559,75.01139885,WAYPOINT
982,500870.00,5400840.00,87.12,48.53598559,75.01180595,WAYPOINT
983,500900.00,5400840.00,84.90,48.53598559,75.01221305,WAYPOINT
984,500930.00,5400840.00,83.61,48.53598559,75.01262015,WAYPOINT
985,500960.00,5400840.00,83.42,48.53598559,75.01302726,WAYPOINT
986,500990.00,5400840.00,84.42,48.53598559,75.01343436,WAYPOINT
987,500990.00,5400870.00,85.09,48.53625519,75.01343436,WAYPOINT
988,500960.00,5400870.00,83.47,48.53625519,75.01302726,WAYPOINT
989,500930.00,5400870.00,83.02,48.53625519,75.01262015,WAYPOINT
990,500900.00,5400870.00,83.66,48.53625519,75.01221305,WAYPOINT
991,500870.00,5400870.00,85.24,48.53625519,75.01180595,WAYPOINT
992,500840.00,5400870.00,87.55,48.53625519,75.01139885,WAYPOINT
993,500810.00,5400870.00,90.35,48.53625519,75.01099175,WAYPOINT
994,500780.00,5400870.00,93.35,48.53625519,75.01058465,WAYPOINT
995,500750.00,5400870.00,96.29,48.53625519,75.01017754,WAYPOINT
996,500720.00,5400870.00,98.92,48.53625519,75.00977044,WAYPOINT
997,500690.00,5400870.00,101.04,48.53625519,75.00936334,WAYPOINT
998,500660.00,5400870.00,102.53,48.53625519,75.00895624,WAYPOINT
999,500630.00,5400870.00,103.30,48.53625519,75.00854914,WAYPOINT
1000,500600.00,5400870.00,103.37,48.53625519,75.00814204,WAYPOINT
1001,500570.00,5400870.00,102.82,48.53625519,75.00773493,WAYPOINT
1002,500540.00,5400870.00,101.79,48.53625519,75.00732783,WAYPOINT
1003,500510.00,5400870.00,100.47,48.53625519,75.00692073,WAYPOINT
1004,500480.00,5400870.00,99.07,48.53625519,75.00651363,WAYPOINT
1005,500450.00,5400870.00,97.82,48.53625519,75.00610653,WAYPOINT
1006,500420.00,5400870.00,96.93,48.53625519,75.00569942,WAYPOINT
1007,500390.00,5400870.00,96.58,48.53625519,75.00529232,WAYPOINT
1008,500360.00,5400870.00,96.88,48.53625519,75.00488522,WAYPOINT
1009,500330.00,5400870.00,97.89,48.53625519,75.00447812,WAYPOINT
1010,500300.00,5400870.00,99.60,48.53625519,75.00407102,WAYPOINT
1011,500270.00,5400870.00,101.91,48.53625519,75.00366392,WAYPOINT
1012,500240.00,5400870.00,104.67,48.53625519,75.00325681,WAYPOINT
1013,500210.00,5400870.00,107.66,48.53625519,75.00284971,WAYPOINT
1014,500180.00,5400870.00,110.62,48.53625519,75.00244261,WAYPOINT
1015,500150.00,5400870.00,113.28,48.53625519,75.00203551,WAYPOINT
1016,500120.00,5400870.00,115.38,48.53625519,75.00162841,WAYPOINT
1017,500090.00,5400870.00,116.67,48.53625519,75.00122131,WAYPOINT
1018,500060.00,5400870.00,116.96,48.53625519,75.00081420,WAYPOINT
1019,500030.00,5400870.00,116.12,48.53625519,75.00040710,WAYPOINT
1020,500000.00,5400870.00,114.11,48.53625519,75.00000000,WAYPOINT
1021,500000.00,5400900.00,112.14,48.53652479,75.00000000,WAYPOINT
1022,500030.00,5400900.00,114.69,48.53652479,75.00040710,WAYPOINT
1023,500060.00,5400900.00,116.20,48.53652479,75.00081420,WAYPOINT
1024,500090.00,5400900.00,116.70,48.53652479,75.00122131,WAYPOINT
1025,500120.00,5400900.00,116.24,48.53652479,75.00162841,WAYPOINT
1026,500150.00,5400900.00,114.99,48.53652479,75.00203551,WAYPOINT
1027,500180.00,5400900.00,113.12,48.53652479,75.00244261,WAYPOINT
1028,500210.00,5400900.00,110.85,48.53652479,75.00284971,WAYPOINT
1029,500240.00,5400900.00,108.41,48.53652479,75.00325681,WAYPOINT
1030,500270.00,5400900.00,106.02,48.53652479,75.00366392,WAYPOINT
1031,500300.00,5400900.00,103.85,48.53652479,75.00407102,WAYPOINT
1032,500330.00,5400900.00,102.05,48.53652479,75.00447812,WAYPOINT
1033,500360.00,5400900.00,100.71,48.53652479,75.00488522,WAYPOINT
1034,500390.00,5400900.00,99.87,48.53652479,75.00529232,WAYPOINT
1035,500420.00,5400900.00,99.49,48.53652479,75.00569942,WAYPOINT
1036,500450.00,5400900.00,99.49,48.53652479,75.00610653,WAYPOINT
1037,500480.00,5400900.00,99.75,48.53652479,75.00651363,WAYPOINT
1038,500510.00,5400900.00,100.13,48.53652479,75.00692073,WAYPOINT
1039,500540.00,5400900.00,100.44,48.53652479,75.00732783,WAYPOINT
1040,500570.00,5400900.00,100.55,48.53652479,75.00773493,WAYPOINT
1041,500600.00,5400900.00,100.31,48.53652479,75.00814204,WAYPOINT
1042,500630.00,5400900.00,99.62,48.53652479,75.00854914,WAYPOINT
1043,500660.00,5400900.00,98.45,48.53652479,75.00895624,WAYPOINT
1044,500690.00,5400900.00,96.80,48.53652479,75.00936334,WAYPOINT
1045,500720.00,5400900.00,94.74,48.53652479,75.00977044,WAYPOINT
1046,500750.00,5400900.00,92.40,48.53652479,75.01017754,WAYPOINT
1047,500780.00,5400900.00,89.95,48.53652479,75.01058465,WAYPOINT
1048,500810.00,5400900.00,87.60,48.53652479,75.01099175,WAYPOINT
1049,500840.00,5400900.00,85.58,48.53652479,75.01139885,WAYPOINT
1050,500870.00,5400900.00,84.09,48.53652479,75.01180595,WAYPOINT
1051,500900.00,5400900.00,83.36,48.53652479,75.01221305,WAYPOINT
1052,500930.00,5400900.00,83.52,48.53652479,75.01262015,WAYPOINT
1053,500960.00,5400900.00,84.69,48.53652479,75.01302726,WAYPOINT
1054,500990.00,5400900.00,86.90,48.53652479,75.01343436,WAYPOINT
1055,500990.00,5400930.00,89.71,48.53679439,75.01343436,WAYPOINT
1056,500960.00,5400930.00,86.95,48.53679439,75.01302726,WAYPOINT
1057,500930.00,5400930.00,85.03,48.53679439,75.01262015,WAYPOINT
1058,500900.00,5400930.00,83.96,48.53679439,75.01221305,WAYPOINT
1059,500870.00,5400930.00,83.69,48.53679439,75.01180595,WAYPOINT
1060,500840.00,5400930.00,84.14,48.53679439,75.01139885,WAYPOINT
1061,500810.00,5400930.00,85.18,48.53679439,75.01099175,WAYPOINT
1062,500780.00,5400930.00,86.65,48.53679439,75.01058465,WAYPOINT
1063,500750.00,5400930.00,88.40,48.53679439,75.01017754,WAYPOINT
1064,500720.00,5400930.00,90.28,48.53679439,75.00977044,WAYPOINT
1065,500690.00,5400930.00,92.15,48.53679439,75.00936334,WAYPOINT
1066,500660.00,5400930.00,93.90,48.53679439,75.00895624,WAYPOINT
1067,500630.00,5400930.00,95.46,48.53679439,75.00854914,WAYPOINT
1068,500600.00,5400930.00,96.80,48.53679439,75.00814204,WAYPOINT
1069,500570.00,5400930.00,97.93,48.53679439,75.00773493,WAYPOINT
1070,500540.00,5400930.00,98.88,48.53679439,75.00732783,WAYPOINT
1071,500510.00,5400930.00,99.73,48.53679439,75.00692073,WAYPOINT
1072,500480.00,5400930.00,100.55,48.53679439,75.00651363,WAYPOINT
1073,500450.00,5400930.00,101.42,48.53679439,75.00610653,WAYPOINT
1074,500420.00,5400930.00,102.42,48.53679439,75.00569942,WAYPOINT
1075,500390.00,5400930.00,103.62,48.53679439,75.00529232,WAYPOINT
1076,500360.00,5400930.00,105.04,48.53679439,75.00488522,WAYPOINT
1077,500330.00,5400930.00,106.67,48.53679439,75.00447812,WAYPOINT
1078,500300.00,5400930.00,108.47,48.53679439,75.00407102,WAYPOINT
1079,500270.00,5400930.00,110.35,48.53679439,75.00366392,WAYPOINT
1080,500240.00,5400930.00,112.20,48.53679439,75.00325681,WAYPOINT
1081,500210.00,5400930.00,113.88,48.53679439,75.00284971,WAYPOINT
1082,500180.00,5400930.00,115.22,48.53679439,75.00244261,WAYPOINT
1083,500150.00,5400930.00,116.08,48.53679439,75.00203551,WAYPOINT
1084,500120.00,5400930.00,116.30,48.53679439,75.00162841,WAYPOINT
1085,500090.00,5400930.00,115.78,48.53679439,75.00122131,WAYPOINT
1086,500060.00,5400930.00,114.42,48.53679439,75.00081420,WAYPOINT
1087,500030.00,5400930.00,112.22,48.53679439,75.00040710,WAYPOINT
1088,500000.00,5400930.00,109.19,48.53679439,75.00000000,WAYPOINT
1089,500000.00,5400960.00,105.52,48.53706399,75.00000000,WAYPOINT
1090,500030.00,5400960.00,108.93,48.53706399,75.00040710,WAYPOINT
1091,500060.00,5400960.00,111.79,48.53706399,75.00081420,WAYPOINT
1092,500090.00,5400960.00,114.03,48.53706399,75.00122131,WAYPOINT
1093,500120.00,5400960.00,115.61,48.53706399,75.00162841,WAYPOINT
1094,500150.00,5400960.00,116.54,48.53706399,75.00203551,WAYPOINT
1095,500180.00,5400960.00,116.84,48.53706399,75.00244261,WAYPOINT
1096,500210.00,5400960.00,116.57,48.53706399,75.00284971,WAYPOINT
1097,500240.00,5400960.00,115.81,48.53706399,75.00325681,WAYPOINT
1098,500270.00,5400960.00,114.65,48.53706399,75.00366392,WAYPOINT
1099,500300.00,5400960.00,113.17,48.53706399,75.00407102,WAYPOINT
1100,500330.00,5400960.00,111.46,48.53706399,75.00447812,WAYPOINT
1101,500360.00,5400960.00,109.58,48.53706399,75.00488522,WAYPOINT
1102,500390.00,5400960.00,107.60,48.53706399,75.00529232,WAYPOINT
1103,500420.00,5400960.00,105.55,48.53706399,75.00569942,WAYPOINT
1104,500450.00,5400960.00,103.48,48.53706399,75.00610653,WAYPOINT
1105,500480.00,5400960.00,101.39,48.53706399,75.00651363,WAYPOINT
1106,500510.00,5400960.00,99.30,48.53706399,75.00692073,WAYPOINT
1107,500540.00,5400960.00,97.22,48.53706399,75.00732783,WAYPOINT
1108,500570.00,5400960.00,95.14,48.53706399,75.00773493,WAYPOINT
1109,500600.00,5400960.00,93.08,48.53706399,75.00814204,WAYPOINT
1110,500630.00,5400960.00,91.07,48.53706399,75.00854914,WAYPOINT
1111,500660.00,5400960.00,89.15,48.53706399,75.00895624,WAYPOINT
1112,500690.00,5400960.00,87.38,48.53706399,75.00936334,WAYPOINT
1113,500720.00,5400960.00,85.81,48.53706399,75.00977044,WAYPOINT
1114,500750.00,5400960.00,84.53,48.53706399,75.01017754,WAYPOINT
1115,500780.00,5400960.00,83.63,48.53706399,75.01058465,WAYPOINT
1116,500810.00,5400960.00,83.19,48.53706399,75.01099175,WAYPOINT
1117,500840.00,5400960.00,83.30,48.53706399,75.01139885,WAYPOINT
1118,500870.00,5400960.00,84.01,48.53706399,75.01180595,WAYPOINT
1119,500900.00,5400960.00,85.37,48.53706399,75.01221305,WAYPOINT
1120,500930.00,5400960.00,87.39,48.53706399,75.01262015,WAYPOINT
1121,500960.00,5400960.00,90.05,48.53706399,75.01302726,WAYPOINT
1122,500990.00,5400960.00,93.29,48.53706399,75.01343436,WAYPOINT
1123,500990.00,5400990.00,97.34,48.53733360,75.01343436,WAYPOINT
1124,500960.00,5400990.00,93.72,48.53733360,75.01302726,WAYPOINT
1125,500930.00,5400990.00,90.39,48.53733360,75.01262015,WAYPOINT
1126,500900.00,5400990.00,87.44,48.53733360,75.01221305,WAYPOINT
1127,500870.00,5400990.00,84.97,48.53733360,75.01180595,WAYPOINT
1128,500840.00,5400990.00,83.06,48.53733360,75.01139885,WAYPOINT
1129,500810.00,5400990.00,81.75,48.53733360,75.01099175,WAYPOINT
1130,500780.00,5400990.00,81.07,48.53733360,75.01058465,WAYPOINT
1131,500750.00,5400990.00,81.04,48.53733360,75.01017754,WAYPOINT
1132,500720.00,5400990.00,81.63,48.53733360,75.00977044,WAYPOINT
1133,500690.00,5400990.00,82.82,48.53733360,75.00936334,WAYPOINT
1134,500660.00,5400990.00,84.56,48.53733360,75.00895624,WAYPOINT
1135,500630.00,5400990.00,86.78,48.53733360,75.00854914,WAYPOINT
1136,500600.00,5400990.00,89.41,48.53733360,75.00814204,WAYPOINT
1137,500570.00,5400990.00,92.37,48.53733360,75.00773493,WAYPOINT
1138,500540.00,5400990.00,95.56,48.53733360,75.00732783,WAYPOINT
1139,500510.00,5400990.00,98.88,48.53733360,75.00692073,WAYPOINT
1140,500480.00,5400990.00,102.24,48.53733360,75.00651363,WAYPOINT
1141,500450.00,5400990.00,105.53,48.53733360,75.00610653,WAYPOINT
1142,500420.00,5400990.00,108.65,48.53733360,75.00569942,WAYPOINT
1143,500390.00,5400990.00,111.51,48.53733360,75.00529232,WAYPOINT
1144,500360.00,5400990.00,114.01,48.53733360,75.00488522,WAYPOINT
1145,500330.00,5400990.00,116.08,48.53733360,75.00447812,WAYPOINT
1146,500300.00,5400990.00,117.64,48.53733360,75.00407102,WAYPOINT
1147,500270.00,5400990.00,118.64,48.53733360,75.00366392,WAYPOINT
1148,500240.00,5400990.00,119.02,48.53733360,75.00325681,WAYPOINT
1149,500210.00,5400990.00,118.77,48.53733360,75.00284971,WAYPOINT
1150,500180.00,5400990.00,117.88,48.53733360,75.00244261,WAYPOINT
1151,500150.00,5400990.00,116.37,48.53733360,75.00203551,WAYPOINT
1152,500120.00,5400990.00,114.26,48.53733360,75.00162841,WAYPOINT
1153,500090.00,5400990.00,111.63,48.53733360,75.00122131,WAYPOINT
1154,500060.00,5400990.00,108.54,48.53733360,75.00081420,WAYPOINT
1155,500030.00,5400990.00,105.10,48.53733360,75.00040710,WAYPOINT
1156,500000.00,5400990.00,101.41,48.53733360,75.00000000,LAND
